Timestamp,AGE,GENDER,CITY YOU ARE FROM?,PURPOSE OF VISIT,CATEGORY OF VISITORS,WHERE DID YOU STAY?,HOTEL CHARGES /DAY,AMENITIES YOU GOT,STAFF SERVICE,How did You reach Lavasa?,Frequency of Visit,Season of Visit ,Travel Convenience ,Places you visited in Lavasa,Activities,How would you Rate the activities and attraction,Food preferences,Restaurants You Visited,Worth of Money,Food Satisfaction,How was your Experience in Lavasa?,Improvements needed,Will you Recommend visiting Lavasa?
10/10/2023 18:40:26,24,FEMALE,Delhi,Student,Solo,Celebrations,2000-3000,"Room service and Wifi, Game room",3,Private Vehicle - Four Wheeler,One,Monsoon,3,"Christ (Deemed to be University) , Pune Lavasa Campus, Town Hall, Dasve Viewpoint, Lavasa Lake",Others,3,Veg,"Hotel Yuvraj, Hotel Shree Pure Veg, American Dinners, Popsicles Cafe, College Canteens, Spyce Lounge & Bar, Others",4,2,3,,NO
10/10/2023 18:42:51,22,MALE,KOLKATA,"Vacation, Others",Couple,Ekaant,5000 above,"Swimming pool, Gym, Lobby and Bar, Restrauant, Room service and Wifi, Spa, Game room",1,Private Vehicle - Four Wheeler,More than two,Winter,1,"Christ (Deemed to be University) , Pune Lavasa Campus, Lingya Waterfalls, Temghar Dam, Town Hall, Dasve Viewpoint, Lavasa Lake, Mulshi Lake","Trackless Train, Water sport, Trekking, Bird Watching, Waterfall Safari, Others",5,Veg,"Hotel Ashrirwad, Hotel Garava, Hotel Yuvraj, Hotel Shree Pure Veg, American Dinners, Popsicles Cafe, Hotel Sai, College Canteens, Spyce Lounge & Bar, Others",1,1,1,Not much ,YES
10/10/2023 18:52:17,21,FEMALE,meerut,Student,Solo,Celebrations,2000-3000,Restrauant,3,Cab,One,Monsoon,2,"Christ (Deemed to be University) , Pune Lavasa Campus, Town Hall, Lavasa Lake",Trekking,1,Veg,"Hotel Ashrirwad, Hotel Yuvraj, College Canteens",3,3,3,everything needs to be removed,NO
10/10/2023 18:56:38,21,FEMALE,Pathanamthitta,Student,Family,Picnic House,4000-5000,Room service and Wifi,1,Private Vehicle - Four Wheeler,One,Monsoon,5,"Christ (Deemed to be University) , Pune Lavasa Campus, Lavasa Lake",Others,3,Non-Veg,"Hotel Yuvraj, Hotel Shree Pure Veg, College Canteens",4,3,3,,NO
10/10/2023 19:03:08,18,FEMALE,Nagpur ,Student,Solo,Celebrations,2000-3000,Restrauant,5,Cab,More than two,Autumn,3,"Christ (Deemed to be University) , Pune Lavasa Campus, Lingya Waterfalls, Town Hall, Dasve Viewpoint, Lavasa Lake, Mulshi Lake","Water sport, Trekking",4,Non-Veg,"Hotel Ashrirwad, Hotel Garava, Hotel Shree Pure Veg, American Dinners, Popsicles Cafe, Hotel Sai, College Canteens",3,3,3,Itâ€™s needs to develop ,NO
10/10/2023 19:04:44,21,FEMALE,Kolkata,Vacation,Group,Private Apartments,2000-3000,Swimming pool,4,Private Vehicle - Four Wheeler,One,Winter,4,"Christ (Deemed to be University) , Pune Lavasa Campus, Lingya Waterfalls, Temghar Dam, Town Hall, Dasve Viewpoint, Lavasa Lake, Mulshi Lake","Trackless Train, Water sport, Trekking, Bird Watching, Waterfall Safari, Others",4,Veg,"Popsicles Cafe, Others",4,4,4,No need,YES
10/10/2023 19:08:17,22,FEMALE,Kerala,Student,Family,Picnic House,2000-3000,Room service and Wifi,3,Private Vehicle - Four Wheeler,One,Monsoon,3,"Christ (Deemed to be University) , Pune Lavasa Campus",Others,3,Veg,College Canteens,3,3,3,,YES
10/10/2023 19:12:05,20,FEMALE,Kolkata ,Vacation,Family,Celebrations,3000-4000,"Restrauant, Room service and Wifi",4,Bus,One,Summer,3,"Lingya Waterfalls, Temghar Dam, Lavasa Lake, Mulshi Lake",Bird Watching,3,Non-Veg,Popsicles Cafe,3,3,3,,YES
10/10/2023 19:14:06,20,FEMALE,Kolkata,Student,Group,Ekaant,4000-5000,"Lobby and Bar, Restrauant, Room service and Wifi",3,Private Vehicle - Four Wheeler,One,Monsoon,2,"Christ (Deemed to be University) , Pune Lavasa Campus, Lingya Waterfalls, Temghar Dam, Town Hall, Dasve Viewpoint, Lavasa Lake",Trekking,4,Non-Veg,"Hotel Ashrirwad, Hotel Garava, Hotel Yuvraj, Hotel Shree Pure Veg, College Canteens, Spyce Lounge & Bar, Others",3,2,2,Better Transportation services,YES
10/10/2023 19:20:06,18,FEMALE,Rajkot Gujarat,Student,Solo,Celebrations,2000-3000,"Lobby and Bar, Room service and Wifi",3,Private Vehicle - Four Wheeler,More than two,Monsoon,1,"Christ (Deemed to be University) , Pune Lavasa Campus, Lingya Waterfalls, Town Hall, Dasve Viewpoint, Lavasa Lake, Mulshi Lake","Trekking, Bird Watching",4,Veg,"Hotel Ashrirwad, Hotel Garava, Hotel Yuvraj, Hotel Shree Pure Veg, American Dinners, Popsicles Cafe, Hotel Sai, College Canteens, Spyce Lounge & Bar, Others",4,4,4,Yes a bit ,YES
10/10/2023 19:20:27,44,FEMALE,Meerut ,Others,Family,Celebrations,2000-3000,Room service and Wifi,1,Private Vehicle - Four Wheeler,One,Summer,2,"Christ (Deemed to be University) , Pune Lavasa Campus",Others,1,Veg,College Canteens,2,4,5,More activities nd place for visit ,YES
10/10/2023 19:21:25,21,FEMALE,Nagpur ,"Student, Others",Solo,Private Apartments,3000-4000,"Restrauant, Room service and Wifi",3,Bus,More than two,Monsoon,3,"Christ (Deemed to be University) , Pune Lavasa Campus","Trackless Train, Others",3,Veg,Others,3,2,3,,NO
10/10/2023 19:23:25,18,FEMALE,Rajkot ,Student,Solo,Celebrations,2000-3000,Room service and Wifi,4,Private Vehicle - Four Wheeler,More than two,Monsoon,3,"Christ (Deemed to be University) , Pune Lavasa Campus, Temghar Dam, Town Hall, Dasve Viewpoint, Lavasa Lake, Mulshi Lake","Bird Watching, Others",2,Veg,"Hotel Shree Pure Veg, College Canteens, Others",5,1,2,Yess ,YES
10/10/2023 19:23:45,21,FEMALE,Kolkata,Vacation,Family,Celebrations,3000-4000,"Restrauant, Room service and Wifi, Game room",3,Bus,One,Winter,3,"Lingya Waterfalls, Temghar Dam, Town Hall, Dasve Viewpoint, Lavasa Lake, Mulshi Lake","Bird Watching, Waterfall Safari",3,Non-Veg,American Dinners,3,3,3,,YES
10/10/2023 19:23:59,21,MALE,Nagpur,Vacation,Solo,Picnic House,5000 above,"Swimming pool, Gym, Restrauant, Room service and Wifi, Game room",5,Bus,More than two,Winter,3,"Lingya Waterfalls, Temghar Dam, Town Hall","Trackless Train, Water sport, Bird Watching, Waterfall Safari",5,Non-Veg,"Hotel Garava, Hotel Yuvraj, American Dinners, Popsicles Cafe",5,5,5,No ,YES
10/10/2023 19:24:47,22,MALE,Pune,Business,Family,Private Apartments,2000-3000,"Swimming pool, Gym, Lobby and Bar, Restrauant, Room service and Wifi",3,Private Vehicle - Four Wheeler,One,Autumn,3,"Christ (Deemed to be University) , Pune Lavasa Campus, Temghar Dam, Dasve Viewpoint, Mulshi Lake","Trackless Train, Water sport, Bird Watching, Others",1,Non-Veg,Others,1,5,2,No ,YES
10/10/2023 19:25:37,18,MALE,Nagpur ,Student,Family,Private Apartments,2000-3000,Restrauant,3,Private Vehicle - Four Wheeler,Two,Winter,2,Lavasa Lake,Waterfall Safari,3,Veg,Hotel Shree Pure Veg,4,4,4,,YES
10/10/2023 19:27:01,13,MALE,Seoni mp ,Vacation,Family,Private Apartments,4000-5000,"Swimming pool, Gym, Restrauant, Room service and Wifi, Game room",5,Private Vehicle - Four Wheeler,More than two,Monsoon,5,Lavasa Lake,Water sport,5,Veg,Others,4,5,5,,YES
10/10/2023 19:28:03,25,FEMALE,Nagpur ,Vacation,Family,Picnic House,2000-3000,"Swimming pool, Gym, Lobby and Bar, Restrauant, Room service and Wifi, Game room",3,Bus,More than two,Winter,3,"Christ (Deemed to be University) , Pune Lavasa Campus, Lingya Waterfalls, Town Hall, Dasve Viewpoint, Lavasa Lake, Mulshi Lake","Trackless Train, Water sport, Trekking, Bird Watching, Waterfall Safari",4,Veg,"Hotel Ashrirwad, Hotel Shree Pure Veg, Spyce Lounge & Bar",4,3,3,,YES
10/10/2023 19:32:39,21,MALE,NAGPUR,Student,Solo,Ekaant,2000-3000,"Gym, Restrauant, Game room",3,Cab,Two,Winter,3,"Christ (Deemed to be University) , Pune Lavasa Campus, Lavasa Lake","Trekking, Others",4,Veg,"Hotel Ashrirwad, Hotel Sai",3,2,5,Nope every thing is Good,YES
10/10/2023 19:33:30,20,MALE,Rajkot ,Student,Solo,Antariksh,4000-5000,"Restrauant, Room service and Wifi",2,Private Vehicle - Four Wheeler,Two,Summer,5,"Christ (Deemed to be University) , Pune Lavasa Campus",Trackless Train,1,Veg,"Hotel Ashrirwad, Hotel Yuvraj, Hotel Shree Pure Veg, Popsicles Cafe, Hotel Sai, College Canteens, Spyce Lounge & Bar",3,3,4,,YES
10/10/2023 19:37:21,24,MALE,Amravati ,Student,Solo,Ekaant,4000-5000,"Restrauant, Room service and Wifi",4,Bus,More than two,Summer,2,"Christ (Deemed to be University) , Pune Lavasa Campus","Trekking, Bird Watching",5,Non-Veg,"American Dinners, Popsicles Cafe, College Canteens",3,3,4,,YES
10/10/2023 19:37:45,21,MALE,Kolkata ,Student,Solo,Private Apartments,4000-5000,"Restrauant, Room service and Wifi",5,Cab,One,Monsoon,3,"Christ (Deemed to be University) , Pune Lavasa Campus, Lingya Waterfalls, Temghar Dam, Town Hall, Dasve Viewpoint, Lavasa Lake, Mulshi Lake","Trekking, Waterfall Safari, Others",5,Non-Veg,"Hotel Ashrirwad, Hotel Garava, Hotel Yuvraj, Hotel Shree Pure Veg, Popsicles Cafe, Hotel Sai, College Canteens, Spyce Lounge & Bar",5,1,5,,NO
10/10/2023 19:38:15,17,MALE,Seoni,Student,Family,Picnic House,2000-3000,"Swimming pool, Gym, Restrauant, Room service and Wifi, Game room",5,Private Vehicle - Four Wheeler,One,Winter,2,"Christ (Deemed to be University) , Pune Lavasa Campus, Lingya Waterfalls, Temghar Dam, Town Hall, Lavasa Lake","Trackless Train, Bird Watching, Waterfall Safari, Others",5,Veg,"Hotel Ashrirwad, Hotel Shree Pure Veg",2,5,5,,YES
10/10/2023 19:38:52,,MALE,Aurangabad ,Vacation,Family,Picnic House,4000-5000,"Gym, Lobby and Bar, Restrauant, Room service and Wifi",4,Private Vehicle - Four Wheeler,One,Winter,4,"Lingya Waterfalls, Temghar Dam, Town Hall, Dasve Viewpoint, Lavasa Lake, Mulshi Lake","Trackless Train, Trekking, Waterfall Safari",4,Veg,Spyce Lounge & Bar,4,4,4,NA,YES
10/10/2023 19:39:57,18,FEMALE,Ranchi,Student,Solo,Celebrations,5000 above,Restrauant,5,Private Vehicle - Four Wheeler,More than two,Monsoon,5,"Christ (Deemed to be University) , Pune Lavasa Campus, Temghar Dam, Town Hall, Lavasa Lake",Others,5,Non-Veg,"Hotel Garava, American Dinners, College Canteens",3,4,4,,YES
10/10/2023 19:41:09,25,MALE,Agra,"Vacation, Student",Solo,Antariksh,5000 above,"Lobby and Bar, Restrauant, Room service and Wifi",4,Cab,More than two,Monsoon,2,"Christ (Deemed to be University) , Pune Lavasa Campus, Lingya Waterfalls, Temghar Dam, Town Hall, Lavasa Lake","Bird Watching, Waterfall Safari",4,Veg,"Hotel Garava, Popsicles Cafe, College Canteens",2,4,3,Need to improve in transport facility..,YES
10/10/2023 19:44:12,42,FEMALE,NAGPUR,Others,Group,Private Apartments,4000-5000,"Swimming pool, Restrauant, Room service and Wifi",3,Cab,Two,Monsoon,3,"Christ (Deemed to be University) , Pune Lavasa Campus, Lingya Waterfalls, Town Hall, Lavasa Lake","Water sport, Trekking, Bird Watching",4,Veg,"Hotel Ashrirwad, Hotel Shree Pure Veg",3,3,4,Network problem,YES
10/10/2023 19:44:42,21,MALE,Nagpur ,Vacation,Group,Private Apartments,2000-3000,"Swimming pool, Gym, Restrauant, Room service and Wifi, Game room",5,Cab,More than two,Autumn,2,"Lingya Waterfalls, Town Hall, Lavasa Lake, Mulshi Lake","Water sport, Trekking, Bird Watching, Waterfall Safari",4,Veg,"Hotel Ashrirwad, Hotel Shree Pure Veg, American Dinners, Popsicles Cafe, Hotel Sai, College Canteens",3,4,4,,YES
10/10/2023 19:46:00,20,MALE,Nagpur ,Vacation,Solo,Private Apartments,5000 above,Gym,1,Private Vehicle - Two Wheeler,One,Winter,1,Lavasa Lake,Trackless Train,1,Non-Veg,Others,1,1,4,,
10/10/2023 19:46:20,19,MALE,No,Student,Family,Picnic House,5000 above,Gym,1,Private Vehicle - Two Wheeler,More than two,Winter,1,Lingya Waterfalls,Trackless Train,1,Non-Veg,Others,5,1,1,Yess,YES
10/10/2023 19:46:47,20,MALE,Nagpur,Student,Group,Antariksh,2000-3000,Room service and Wifi,4,Cab,One,Winter,3,"Christ (Deemed to be University) , Pune Lavasa Campus, Lingya Waterfalls, Lavasa Lake","Water sport, Trekking, Bird Watching, Others",4,Veg,"Hotel Shree Pure Veg, American Dinners, Popsicles Cafe, College Canteens",4,4,4,"Please provide frequent facilities for students to travel to Pune, as it'll help students to meet new people and for better exposure as in lavasa new faces are seen only in vacations.",YES
10/10/2023 19:47:11,24,MALE,Pune,Student,Family,Private Apartments,5000 above,"Swimming pool, Gym, Restrauant, Room service and Wifi, Game room",5,Private Vehicle - Four Wheeler,More than two,Autumn,4,"Christ (Deemed to be University) , Pune Lavasa Campus, Lingya Waterfalls, Temghar Dam, Town Hall, Dasve Viewpoint, Lavasa Lake, Mulshi Lake","Water sport, Trekking, Bird Watching, Waterfall Safari",4,Non-Veg,"Hotel Garava, American Dinners, Popsicles Cafe",4,2,5,Nothing,YES
10/10/2023 19:47:48,20,FEMALE,Nagpur ,Vacation,Solo,Ekaant,4000-5000,"Swimming pool, Restrauant, Room service and Wifi, Game room",4,Cab,Two,Monsoon,4,"Temghar Dam, Dasve Viewpoint, Lavasa Lake, Mulshi Lake","Trekking, Bird Watching, Waterfall Safari",4,Veg,"Popsicles Cafe, Others",4,4,4,May be in future!!,YES
10/10/2023 19:48:44,18,FEMALE,Anjangaon surji ,Student,Solo,Private Apartments,5000 above,"Swimming pool, Restrauant",2,Private Vehicle - Four Wheeler,One,Summer,1,Town Hall,"Water sport, Trekking, Waterfall Safari",4,Non-Veg,"Hotel Garava, Hotel Shree Pure Veg",4,5,5,No,YES
10/10/2023 19:49:14,32,FEMALE,Pune ,Vacation,Family,Private Apartments,2000-3000,"Gym, Restrauant, Room service and Wifi",4,Private Vehicle - Four Wheeler,Two,Monsoon,3,"Lingya Waterfalls, Town Hall, Lavasa Lake, Mulshi Lake","Water sport, Trekking, Bird Watching",4,Veg,"Hotel Shree Pure Veg, Popsicles Cafe",3,4,4,The fee to enter the city is too high!!! ,YES
10/10/2023 19:49:16,20,FEMALE,Amravati ,Vacation,Group,Picnic House,2000-3000,Restrauant,5,Bus,More than two,Winter,2,Town Hall,Others,3,Veg,Others,5,3,3,Nooo,NO
10/10/2023 19:50:07,26,MALE,Mumbai ,Business,Group,Private Apartments,5000 above,"Swimming pool, Gym, Restrauant, Room service and Wifi",3,Private Vehicle - Four Wheeler,More than two,Winter,5,"Christ (Deemed to be University) , Pune Lavasa Campus, Lingya Waterfalls, Town Hall",Others,5,Non-Veg,"Hotel Ashrirwad, American Dinners, Popsicles Cafe, Hotel Sai",5,2,5,,YES
10/10/2023 19:51:56,17,MALE,Nagpur ,Student,Solo,Antariksh,2000-3000,Game room,5,Private Vehicle - Two Wheeler,One,Summer,1,Town Hall,Water sport,1,Non-Veg,Others,1,1,1,Hsjs,YES
10/10/2023 19:52:23,14,FEMALE,Barghat,Others,Family,Picnic House,2000-3000,Room service and Wifi,5,Private Vehicle - Four Wheeler,More than two,Winter,1,"Christ (Deemed to be University) , Pune Lavasa Campus, Lingya Waterfalls, Temghar Dam, Town Hall, Dasve Viewpoint, Lavasa Lake, Mulshi Lake",Waterfall Safari,5,Non-Veg,Hotel Ashrirwad,3,4,,,YES
10/10/2023 19:55:19,19,FEMALE,Pune,Student,Solo,Private Apartments,3000-4000,Room service and Wifi,3,Cab,More than two,Winter,3,"Christ (Deemed to be University) , Pune Lavasa Campus, Town Hall, Dasve Viewpoint, Lavasa Lake",Others,3,Veg,"Hotel Ashrirwad, Hotel Garava, Hotel Yuvraj, Hotel Shree Pure Veg, American Dinners, Popsicles Cafe, College Canteens",4,3,4,,YES
10/10/2023 19:56:16,20,FEMALE,Nagpur,Vacation,Family,Private Apartments,3000-4000,Swimming pool,5,Private Vehicle - Four Wheeler,More than two,Autumn,2,"Lingya Waterfalls, Temghar Dam, Dasve Viewpoint, Lavasa Lake","Trekking, Waterfall Safari",5,Veg,Hotel Shree Pure Veg,3,5,5,,YES
10/10/2023 19:57:42,21,MALE,Nagpur,Others,Solo,Private Apartments,3000-4000,Restrauant,5,Private Vehicle - Four Wheeler,One,Summer,4,"Christ (Deemed to be University) , Pune Lavasa Campus, Lavasa Lake","Water sport, Trekking, Bird Watching",5,Veg,Hotel Ashrirwad,4,4,5,,YES
10/10/2023 19:58:21,21,MALE,Kannur,Student,Solo,Celebrations,2000-3000,Room service and Wifi,3,Private Vehicle - Four Wheeler,Two,Monsoon,3,"Christ (Deemed to be University) , Pune Lavasa Campus, Town Hall, Dasve Viewpoint, Lavasa Lake","Water sport, Trekking",4,Non-Veg,"Hotel Garava, Hotel Yuvraj, Popsicles Cafe, College Canteens",3,3,4,,YES
10/10/2023 19:59:56,20,FEMALE,Nagpur ,Vacation,Group,Antariksh,3000-4000,"Swimming pool, Restrauant",4,Private Vehicle - Four Wheeler,One,Monsoon,2,"Dasve Viewpoint, Lavasa Lake",Others,4,Non-Veg,Others,3,4,3,-,YES
10/10/2023 20:00:09,21,MALE,Nagpur ,Vacation,Couple,Picnic House,4000-5000,"Swimming pool, Gym, Lobby and Bar, Restrauant, Room service and Wifi, Spa, Game room",4,Private Vehicle - Four Wheeler,One,Winter,4,"Christ (Deemed to be University) , Pune Lavasa Campus, Lingya Waterfalls, Temghar Dam, Town Hall, Dasve Viewpoint, Lavasa Lake, Mulshi Lake","Trackless Train, Water sport, Trekking, Bird Watching, Waterfall Safari, Others",5,Veg,Others,3,5,5,Nothing ,YES
10/10/2023 20:02:54,25,FEMALE,Nagpur ,Business,Group,Picnic House,2000-3000,"Swimming pool, Restrauant, Room service and Wifi, Game room",5,Bus,Two,Winter,5,"Lingya Waterfalls, Town Hall, Lavasa Lake","Water sport, Bird Watching, Waterfall Safari, Others",5,Veg,"Hotel Ashrirwad, Hotel Sai",5,5,5,,YES
10/10/2023 20:03:00,21,MALE,Goa,Student,Solo,Private Apartments,5000 above,Room service and Wifi,4,Private Vehicle - Four Wheeler,More than two,Monsoon,4,"Christ (Deemed to be University) , Pune Lavasa Campus, Town Hall, Dasve Viewpoint, Lavasa Lake","Water sport, Trekking, Bird Watching, Waterfall Safari",2,Non-Veg,"Hotel Ashrirwad, Hotel Garava, Hotel Yuvraj, Hotel Shree Pure Veg, Popsicles Cafe, Hotel Sai, College Canteens",3,4,4,More attractive activities and better development of the place,YES
10/10/2023 20:03:08,17,FEMALE,vishakapatanam,Student,Solo,Private Apartments,4000-5000,"Restrauant, Room service and Wifi",4,Cab,More than two,Monsoon,5,"Christ (Deemed to be University) , Pune Lavasa Campus, Town Hall, Lavasa Lake",Others,5,Non-Veg,"Hotel Ashrirwad, Hotel Garava, Hotel Yuvraj, American Dinners, Popsicles Cafe, Hotel Sai, College Canteens, Spyce Lounge & Bar",3,4,3,,YES
10/10/2023 20:06:06,23,FEMALE,Hyderabad ,Student,Family,Private Apartments,2000-3000,Room service and Wifi,4,Private Vehicle - Four Wheeler,More than two,Winter,2,"Christ (Deemed to be University) , Pune Lavasa Campus, Town Hall, Dasve Viewpoint, Lavasa Lake","Trackless Train, Water sport, Trekking, Bird Watching",3,Veg,"Hotel Ashrirwad, Hotel Garava, Hotel Shree Pure Veg, American Dinners, Hotel Sai",4,4,3,"Except the lake, mountain nothing is there to visit this lavsa. ",NO
10/10/2023 20:06:22,22,FEMALE,Nagpur,Vacation,Group,Private Apartments,3000-4000,"Swimming pool, Lobby and Bar, Room service and Wifi",4,Private Vehicle - Four Wheeler,One,Winter,1,"Christ (Deemed to be University) , Pune Lavasa Campus, Lingya Waterfalls, Temghar Dam, Town Hall, Dasve Viewpoint, Lavasa Lake, Mulshi Lake","Trackless Train, Water sport, Trekking, Bird Watching, Waterfall Safari",5,Veg,"Hotel Shree Pure Veg, Popsicles Cafe, Others",3,4,5,,YES
10/10/2023 20:07:51,21,MALE,Nagpur ,Vacation,Couple,Picnic House,4000-5000,"Swimming pool, Restrauant, Room service and Wifi, Game room",3,Cab,One,Monsoon,3,"Lingya Waterfalls, Temghar Dam, Town Hall, Dasve Viewpoint, Lavasa Lake, Mulshi Lake","Trackless Train, Water sport, Trekking, Bird Watching, Waterfall Safari",4,Veg,"American Dinners, Popsicles Cafe",3,3,,Nead to improve more on  infrastructure and transport services ,YES
10/10/2023 20:09:23,21,FEMALE,Nagpur ,"Vacation, Student",Group,Picnic House,5000 above,"Swimming pool, Restrauant, Room service and Wifi, Game room",3,Private Vehicle - Four Wheeler,Two,Winter,3,"Christ (Deemed to be University) , Pune Lavasa Campus, Town Hall, Dasve Viewpoint, Mulshi Lake","Water sport, Trekking, Waterfall Safari",3,Veg,"Hotel Ashrirwad, Hotel Yuvraj, Popsicles Cafe, Spyce Lounge & Bar",3,3,3,,YES
10/10/2023 20:10:05,21,FEMALE,Nagpur ,Vacation,Family,Private Apartments,3000-4000,"Gym, Restrauant, Room service and Wifi, Game room",3,Private Vehicle - Four Wheeler,One,Monsoon,3,"Lingya Waterfalls, Temghar Dam, Lavasa Lake, Mulshi Lake","Trekking, Bird Watching, Waterfall Safari",4,Veg,"Hotel Ashrirwad, Hotel Shree Pure Veg",3,3,3,,YES
10/10/2023 20:11:06,21,FEMALE,Hinganghat,Student,Solo,Picnic House,3000-4000,"Gym, Restrauant, Room service and Wifi, Game room",4,Private Vehicle - Two Wheeler,Two,Winter,3,"Christ (Deemed to be University) , Pune Lavasa Campus, Lingya Waterfalls, Lavasa Lake","Water sport, Trekking, Waterfall Safari",4,Non-Veg,"Hotel Ashrirwad, American Dinners, Popsicles Cafe, Spyce Lounge & Bar",3,4,4,,YES
10/10/2023 20:12:56,19,FEMALE,Kolkata ,Student,Solo,Private Apartments,5000 above,"Gym, Restrauant, Room service and Wifi",3,Cab,More than two,Winter,3,"Christ (Deemed to be University) , Pune Lavasa Campus, Town Hall, Dasve Viewpoint, Lavasa Lake",Others,3,Non-Veg,"Hotel Ashrirwad, Hotel Garava, Hotel Yuvraj, Popsicles Cafe, Hotel Sai, College Canteens, Others",3,3,3,Public transport ,NO
10/10/2023 20:13:37,20,FEMALE,Delhi ,Vacation,Group,Private Apartments,5000 above,"Swimming pool, Game room",4,Bus,Two,Monsoon,4,"Christ (Deemed to be University) , Pune Lavasa Campus, Temghar Dam, Dasve Viewpoint, Lavasa Lake, Mulshi Lake","Water sport, Trekking, Waterfall Safari",4,Veg,"Hotel Ashrirwad, Hotel Shree Pure Veg, Others",4,4,4,May be.,YES
10/10/2023 20:15:40,21,MALE,Seoni,Business,Solo,Ekaant,3000-4000,"Swimming pool, Gym, Restrauant, Room service and Wifi, Game room",4,Private Vehicle - Four Wheeler,One,Winter,2,"Christ (Deemed to be University) , Pune Lavasa Campus, Lingya Waterfalls, Temghar Dam, Town Hall, Lavasa Lake","Trackless Train, Water sport, Trekking, Bird Watching, Waterfall Safari, Others",4,Veg,"Hotel Ashrirwad, Hotel Shree Pure Veg",3,4,4,,YES
10/10/2023 20:19:11,22,FEMALE,Nagpur,Vacation,Couple,Private Apartments,4000-5000,"Swimming pool, Gym, Lobby and Bar, Restrauant, Room service and Wifi, Spa, Game room",4,Private Vehicle - Four Wheeler,One,Winter,2,"Christ (Deemed to be University) , Pune Lavasa Campus, Lingya Waterfalls, Temghar Dam, Town Hall, Dasve Viewpoint, Lavasa Lake, Mulshi Lake","Trackless Train, Water sport, Trekking, Bird Watching, Waterfall Safari",3,Non-Veg,Others,3,3,3,,YES
10/10/2023 20:21:35,21,MALE,Nagpur,Vacation,Couple,Picnic House,3000-4000,"Lobby and Bar, Restrauant",2,Private Vehicle - Four Wheeler,Two,Summer,1,"Lingya Waterfalls, Dasve Viewpoint",Trackless Train,4,Non-Veg,Hotel Yuvraj,1,2,,,
10/10/2023 20:24:51,21,MALE,Nagpur,Others,Solo,Private Apartments,5000 above,"Swimming pool, Gym, Restrauant",2,Private Vehicle - Four Wheeler,More than two,Winter,3,"Lingya Waterfalls, Dasve Viewpoint, Lavasa Lake, Mulshi Lake","Trackless Train, Water sport, Trekking, Waterfall Safari",3,Non-Veg,Popsicles Cafe,2,2,2,Yes ,NO
10/10/2023 20:25:19,20,FEMALE,Nagpur,Student,Solo,Private Apartments,5000 above,"Swimming pool, Gym, Lobby and Bar, Restrauant, Room service and Wifi, Spa, Game room",3,Private Vehicle - Four Wheeler,More than two,Winter,3,"Christ (Deemed to be University) , Pune Lavasa Campus, Lingya Waterfalls, Temghar Dam, Town Hall, Dasve Viewpoint, Lavasa Lake, Mulshi Lake","Trekking, Bird Watching, Waterfall Safari",3,Veg,"Hotel Ashrirwad, Hotel Shree Pure Veg, Hotel Sai, College Canteens",3,3,4,. ,YES
10/10/2023 20:30:39,27,FEMALE,Pune,Others,Couple,Private Apartments,5000 above,"Swimming pool, Gym, Lobby and Bar, Restrauant, Room service and Wifi, Spa, Game room",5,Private Vehicle - Four Wheeler,One,Monsoon,2,Lingya Waterfalls,Others,4,Veg,Hotel Ashrirwad,3,3,3,No,YES
10/10/2023 20:31:25,22,FEMALE,Nagpur ,Others,Group,Private Apartments,4000-5000,"Swimming pool, Gym, Lobby and Bar, Restrauant, Room service and Wifi, Spa, Game room",5,Private Vehicle - Four Wheeler,One,Autumn,4,"Lingya Waterfalls, Temghar Dam, Town Hall, Lavasa Lake, Mulshi Lake","Water sport, Trekking, Bird Watching, Waterfall Safari, Others",5,Veg,"Hotel Shree Pure Veg, Popsicles Cafe, Hotel Sai, College Canteens, Spyce Lounge & Bar, Others",4,4,4,,YES
10/10/2023 20:34:30,21,FEMALE,Chandrapur ,Vacation,Solo,Picnic House,4000-5000,"Swimming pool, Gym, Lobby and Bar, Restrauant, Room service and Wifi, Game room",5,Private Vehicle - Four Wheeler,One,Winter,3,"Lingya Waterfalls, Temghar Dam, Dasve Viewpoint, Lavasa Lake, Mulshi Lake","Trackless Train, Trekking, Bird Watching, Waterfall Safari",5,Non-Veg,"Hotel Ashrirwad, Hotel Yuvraj, Hotel Shree Pure Veg, Popsicles Cafe, College Canteens, Others",4,4,4,,YES
10/10/2023 20:35:44,21,FEMALE,bhandara,Vacation,Solo,Private Apartments,2000-3000,"Swimming pool, Gym, Lobby and Bar, Restrauant, Room service and Wifi, Spa, Game room",5,Private Vehicle - Four Wheeler,One,Winter,1,"Christ (Deemed to be University) , Pune Lavasa Campus, Lingya Waterfalls, Temghar Dam, Town Hall, Dasve Viewpoint, Lavasa Lake, Mulshi Lake","Trackless Train, Water sport, Trekking, Bird Watching, Waterfall Safari, Others",5,Non-Veg,Spyce Lounge & Bar,1,3,5,n,NO
10/10/2023 20:39:10,21,FEMALE,Nagpur ,Vacation,Family,Celebrations,3000-4000,"Swimming pool, Gym, Lobby and Bar, Restrauant, Room service and Wifi, Spa, Game room",5,Bus,One,Winter,5,"Christ (Deemed to be University) , Pune Lavasa Campus, Lingya Waterfalls, Temghar Dam, Town Hall, Dasve Viewpoint, Lavasa Lake, Mulshi Lake","Water sport, Trekking, Bird Watching, Waterfall Safari",5,Non-Veg,"Hotel Ashrirwad, Popsicles Cafe, Hotel Sai, Spyce Lounge & Bar",4,5,5,,YES
10/10/2023 20:39:37,32,MALE,Nagpur ,Vacation,Couple,Private Apartments,2000-3000,"Swimming pool, Lobby and Bar, Room service and Wifi, Game room",3,Private Vehicle - Four Wheeler,One,Monsoon,3,"Christ (Deemed to be University) , Pune Lavasa Campus, Lingya Waterfalls, Temghar Dam, Town Hall, Dasve Viewpoint, Lavasa Lake, Mulshi Lake","Trekking, Bird Watching, Waterfall Safari, Others",3,Non-Veg,"Hotel Shree Pure Veg, American Dinners, Popsicles Cafe, Hotel Sai, College Canteens, Spyce Lounge & Bar",3,3,3,,YES
10/10/2023 20:44:35,18,FEMALE,Nagpur ,Vacation,Group,Picnic House,3000-4000,"Swimming pool, Restrauant, Room service and Wifi, Game room",3,Private Vehicle - Four Wheeler,Two,Monsoon,5,"Lingya Waterfalls, Town Hall, Lavasa Lake, Mulshi Lake","Water sport, Trekking, Bird Watching, Waterfall Safari",5,Non-Veg,"American Dinners, Hotel Sai, Spyce Lounge & Bar",4,4,5,,YES
10/10/2023 20:51:32,53,MALE,Meerut ,Others,Family,Celebrations,2000-3000,Room service and Wifi,1,Cab,One,Monsoon,3,"Christ (Deemed to be University) , Pune Lavasa Campus, Temghar Dam, Town Hall, Dasve Viewpoint, Lavasa Lake, Mulshi Lake",Others,4,Veg,College Canteens,3,4,5,Public transportation needed,YES
10/10/2023 20:58:41,18,MALE,Achalpur ,"Vacation, Student",Group,Picnic House,2000-3000,"Swimming pool, Gym, Restrauant, Room service and Wifi, Spa, Game room",3,Bus,One,Monsoon,3,"Christ (Deemed to be University) , Pune Lavasa Campus, Lingya Waterfalls, Temghar Dam, Lavasa Lake","Water sport, Bird Watching, Waterfall Safari, Others",4,Veg,"Hotel Garava, Hotel Yuvraj, Hotel Shree Pure Veg, Popsicles Cafe",3,4,4,,YES
10/10/2023 20:59:19,21,FEMALE,pune,Student,Solo,Celebrations,3000-4000,"Restrauant, Room service and Wifi",4,Private Vehicle - Four Wheeler,More than two,Winter,3,"Christ (Deemed to be University) , Pune Lavasa Campus, Lingya Waterfalls, Temghar Dam, Town Hall, Dasve Viewpoint, Lavasa Lake, Mulshi Lake","Trekking, Bird Watching, Waterfall Safari",5,Non-Veg,"Hotel Ashrirwad, Hotel Yuvraj, Popsicles Cafe, College Canteens",5,2,3,,YES
10/10/2023 21:29:24,18,FEMALE,Coimbatore ,Student,Solo,Private Apartments,4000-5000,Room service and Wifi,1,Private Vehicle - Four Wheeler,More than two,Winter,5,"Christ (Deemed to be University) , Pune Lavasa Campus, Town Hall, Lavasa Lake",Others,2,Veg,"Hotel Ashrirwad, Hotel Garava, Hotel Yuvraj, Hotel Shree Pure Veg, American Dinners, Popsicles Cafe, Hotel Sai, College Canteens, Others",4,2,2,,NO
10/10/2023 21:35:06,23,FEMALE,Shillong,Student,Solo,Celebrations,2000-3000,Room service and Wifi,2,Cab,Two,Monsoon,5,"Christ (Deemed to be University) , Pune Lavasa Campus, Temghar Dam, Town Hall, Dasve Viewpoint, Lavasa Lake",Others,3,Non-Veg,"Hotel Ashrirwad, Hotel Garava, Hotel Yuvraj, Popsicles Cafe, College Canteens, Spyce Lounge & Bar",4,3,1,"There should be more activities, and in need of more liveliness ",NO
10/10/2023 21:35:47,20,FEMALE,Nagpur,Others,Group,Celebrations,3000-4000,"Restrauant, Game room",3,Bus,One,Winter,3,"Christ (Deemed to be University) , Pune Lavasa Campus, Lingya Waterfalls",Others,3,Veg,"Hotel Ashrirwad, Others",3,3,4,,
10/10/2023 21:41:02,21,FEMALE,Nagpur,Others,Solo,Private Apartments,2000-3000,"Gym, Restrauant, Game room",4,Private Vehicle - Four Wheeler,One,Monsoon,3,"Christ (Deemed to be University) , Pune Lavasa Campus, Lavasa Lake","Waterfall Safari, Others",5,Non-Veg,"Hotel Sai, Others",5,2,4,,YES
10/10/2023 21:42:53,18,FEMALE,Why do you care,Others,Couple,Private Apartments,5000 above,"Swimming pool, Gym, Lobby and Bar, Restrauant, Room service and Wifi, Spa, Game room",4,Private Vehicle - Four Wheeler,More than two,Autumn,5,Lavasa Lake,"Trackless Train, Water sport, Trekking, Bird Watching, Waterfall Safari, Others",4,Non-Veg,"Hotel Ashrirwad, Hotel Garava, Hotel Yuvraj, Hotel Shree Pure Veg, American Dinners, Popsicles Cafe, Hotel Sai, College Canteens, Spyce Lounge & Bar, Others",1,1,2,,NO
10/10/2023 21:44:39,25,FEMALE,Lucknow,Vacation,Couple,Celebrations,2000-3000,"Swimming pool, Lobby and Bar, Restrauant, Room service and Wifi",1,Private Vehicle - Four Wheeler,One,Monsoon,1,"Christ (Deemed to be University) , Pune Lavasa Campus, Lingya Waterfalls, Temghar Dam, Lavasa Lake, Mulshi Lake","Trackless Train, Bird Watching",1,Veg,Popsicles Cafe,1,1,1,Nothing,YES
10/10/2023 21:54:05,19,MALE,Delhi,Vacation,Group,Private Apartments,2000-3000,"Swimming pool, Gym, Lobby and Bar, Restrauant, Room service and Wifi, Spa, Game room",4,Bus,One,Winter,4,"Lingya Waterfalls, Temghar Dam, Town Hall, Dasve Viewpoint, Lavasa Lake, Mulshi Lake","Trekking, Bird Watching, Waterfall Safari",4,Veg,"Hotel Ashrirwad, Hotel Yuvraj, Hotel Shree Pure Veg, Spyce Lounge & Bar",3,4,4,,YES
10/10/2023 21:54:52,22,FEMALE,Nagpur ,Vacation,Solo,Ekaant,2000-3000,"Restrauant, Room service and Wifi",4,Private Vehicle - Four Wheeler,One,Winter,3,Lavasa Lake,"Trekking, Bird Watching",3,Veg,Hotel Ashrirwad,3,4,3,Nothing,YES
10/10/2023 21:55:14,23,MALE,Nagpur ,Others,Solo,Antariksh,2000-3000,Game room,4,Cab,One,Winter,4,"Temghar Dam, Town Hall, Lavasa Lake, Mulshi Lake","Water sport, Trekking, Waterfall Safari, Others",3,Veg,"Hotel Shree Pure Veg, Others",2,3,3,,YES
10/10/2023 22:15:03,22,MALE,Kolkata,Student,Solo,Picnic House,4000-5000,Room service and Wifi,2,Cab,One,Monsoon,3,"Christ (Deemed to be University) , Pune Lavasa Campus, Town Hall, Dasve Viewpoint, Lavasa Lake, Mulshi Lake",Trekking,4,Non-Veg,Hotel Garava,3,3,4,,YES
10/10/2023 22:19:10,19,MALE,Nagpur,Student,Family,Private Apartments,5000 above,"Swimming pool, Gym, Lobby and Bar, Restrauant, Room service and Wifi, Spa, Game room",5,Private Vehicle - Four Wheeler,Two,Winter,3,"Christ (Deemed to be University) , Pune Lavasa Campus",Waterfall Safari,5,Veg,Others,4,5,5,,YES
10/10/2023 22:19:10,20,FEMALE,Nagpur ,Student,Solo,Picnic House,2000-3000,Room service and Wifi,5,Private Vehicle - Four Wheeler,More than two,Winter,1,"Lingya Waterfalls, Lavasa Lake","Trackless Train, Trekking, Waterfall Safari",5,Veg,"Hotel Ashrirwad, Hotel Shree Pure Veg, Popsicles Cafe, College Canteens",3,5,5,,YES
10/10/2023 22:29:53,20,MALE,Nagpur ,Vacation,Group,Picnic House,2000-3000,"Swimming pool, Restrauant, Room service and Wifi",4,Private Vehicle - Four Wheeler,One,Winter,2,"Christ (Deemed to be University) , Pune Lavasa Campus, Lingya Waterfalls, Temghar Dam, Town Hall, Lavasa Lake, Mulshi Lake","Trackless Train, Water sport, Bird Watching, Others",4,Non-Veg,"Hotel Ashrirwad, American Dinners, Spyce Lounge & Bar",3,4,5,,YES
10/10/2023 22:34:27,21,FEMALE,Nagpur ,Vacation,Family,Picnic House,2000-3000,"Swimming pool, Gym, Lobby and Bar, Restrauant, Room service and Wifi, Spa, Game room",5,Private Vehicle - Four Wheeler,One,Winter,5,"Christ (Deemed to be University) , Pune Lavasa Campus, Lingya Waterfalls, Temghar Dam, Town Hall, Dasve Viewpoint, Lavasa Lake, Mulshi Lake","Trackless Train, Water sport, Trekking, Bird Watching, Waterfall Safari, Others",5,Veg,"Hotel Ashrirwad, Hotel Garava, Hotel Yuvraj, Hotel Shree Pure Veg, American Dinners, Popsicles Cafe, Hotel Sai, College Canteens, Spyce Lounge & Bar",5,5,5,,YES
10/10/2023 22:36:12,21,FEMALE,Nagpur ,Others,Group,Private Apartments,4000-5000,"Restrauant, Room service and Wifi",3,Private Vehicle - Four Wheeler,One,Winter,3,"Lingya Waterfalls, Temghar Dam, Town Hall, Dasve Viewpoint, Lavasa Lake","Water sport, Trekking, Bird Watching, Waterfall Safari",3,Veg,"American Dinners, Popsicles Cafe, Hotel Sai",3,2,3,,YES
10/10/2023 22:41:54,15,FEMALE,Meerut,Others,Family,Antariksh,2000-3000,Room service and Wifi,2,Cab,One,Monsoon,3,"Christ (Deemed to be University) , Pune Lavasa Campus, Temghar Dam, Town Hall, Dasve Viewpoint, Lavasa Lake, Mulshi Lake",Others,3,Veg,College Canteens,3,4,4,,YES
10/10/2023 22:49:20,21,FEMALE,Nagpur ,Vacation,Family,Picnic House,2000-3000,"Swimming pool, Gym, Lobby and Bar, Restrauant, Room service and Wifi, Spa, Game room",5,Bus,One,Summer,2,"Christ (Deemed to be University) , Pune Lavasa Campus, Lingya Waterfalls, Temghar Dam, Town Hall, Dasve Viewpoint, Lavasa Lake, Mulshi Lake","Trackless Train, Water sport, Trekking, Bird Watching, Waterfall Safari, Others",4,Veg,"Hotel Shree Pure Veg, Popsicles Cafe",4,3,5,,YES
10/10/2023 22:53:59,21,FEMALE,Nagpur ,Vacation,Solo,Picnic House,2000-3000,"Swimming pool, Gym, Lobby and Bar, Restrauant, Room service and Wifi, Spa, Game room",5,Private Vehicle - Four Wheeler,One,Winter,1,"Christ (Deemed to be University) , Pune Lavasa Campus, Lingya Waterfalls, Temghar Dam, Town Hall, Dasve Viewpoint, Lavasa Lake, Mulshi Lake","Trackless Train, Water sport, Trekking, Bird Watching, Waterfall Safari",4,Non-Veg,"Hotel Ashrirwad, Hotel Yuvraj, Hotel Shree Pure Veg, American Dinners, College Canteens",4,4,4,,YES
10/10/2023 23:02:18,18,MALE,Jodhpur ,Student,Couple,Private Apartments,5000 above,"Swimming pool, Gym, Lobby and Bar, Restrauant, Room service and Wifi, Spa, Game room",5,Private Vehicle - Four Wheeler,More than two,Monsoon,4,"Christ (Deemed to be University) , Pune Lavasa Campus, Lingya Waterfalls, Temghar Dam, Town Hall, Dasve Viewpoint, Lavasa Lake, Mulshi Lake","Trackless Train, Water sport, Trekking, Bird Watching, Waterfall Safari, Others",5,Non-Veg,"Hotel Ashrirwad, Hotel Garava, Hotel Yuvraj, Hotel Shree Pure Veg, Popsicles Cafe, Hotel Sai, College Canteens, Spyce Lounge & Bar, Others",4,4,4,College ,NO
10/10/2023 23:03:03,20,FEMALE,Nagpur,Student,Group,Picnic House,2000-3000,"Swimming pool, Gym, Lobby and Bar, Restrauant, Room service and Wifi, Spa, Game room",5,Bus,More than two,Winter,1,"Christ (Deemed to be University) , Pune Lavasa Campus, Lingya Waterfalls, Temghar Dam, Town Hall, Dasve Viewpoint, Lavasa Lake, Mulshi Lake","Trackless Train, Water sport, Trekking, Bird Watching, Waterfall Safari, Others",5,Veg,Others,3,3,4,,YES
10/10/2023 23:08:34,20,FEMALE,Nagpur ,Vacation,Group,Picnic House,2000-3000,Room service and Wifi,5,Private Vehicle - Two Wheeler,More than two,Winter,1,"Christ (Deemed to be University) , Pune Lavasa Campus","Trackless Train, Water sport",1,Non-Veg,Others,4,5,5,,YES
10/10/2023 23:15:35,23,MALE,Narkhed ,Student,Group,Picnic House,2000-3000,"Swimming pool, Lobby and Bar, Restrauant, Game room",2,Bus,One,Monsoon,1,"Christ (Deemed to be University) , Pune Lavasa Campus, Lingya Waterfalls, Temghar Dam, Town Hall, Dasve Viewpoint, Lavasa Lake, Mulshi Lake","Trackless Train, Water sport, Trekking, Bird Watching, Waterfall Safari, Others",5,Veg,Others,3,3,3,,YES
10/10/2023 23:18:53,21,MALE,PATNA,Student,Solo,Picnic House,2000-3000,"Swimming pool, Gym, Lobby and Bar",5,Bus,One,Winter,5,"Christ (Deemed to be University) , Pune Lavasa Campus, Temghar Dam, Lavasa Lake","Trackless Train, Water sport",5,Veg,"Hotel Ashrirwad, American Dinners",5,5,5,ALL GOOD,YES
10/10/2023 23:20:56,20,FEMALE,Nagpur ,Student,Group,Private Apartments,4000-5000,"Lobby and Bar, Restrauant, Room service and Wifi",4,Private Vehicle - Four Wheeler,One,Monsoon,4,"Lingya Waterfalls, Town Hall, Dasve Viewpoint, Lavasa Lake",Others,3,Non-Veg,"Hotel Ashrirwad, Hotel Shree Pure Veg",3,3,3,,YES
10/10/2023 23:22:36,23,FEMALE,Hyderabad ,Vacation,Couple,Private Apartments,3000-4000,"Swimming pool, Gym, Lobby and Bar, Restrauant, Room service and Wifi, Spa, Game room",4,Private Vehicle - Four Wheeler,More than two,Winter,3,"Christ (Deemed to be University) , Pune Lavasa Campus, Temghar Dam, Town Hall, Lavasa Lake, Mulshi Lake","Water sport, Trekking, Waterfall Safari, Others",3,Non-Veg,Others,5,3,4,,
10/10/2023 23:23:56,20,MALE,Kolkata,Vacation,Group,Antariksh,3000-4000,"Gym, Lobby and Bar, Restrauant, Room service and Wifi, Spa",3,Private Vehicle - Four Wheeler,Two,Winter,3,"Temghar Dam, Town Hall, Dasve Viewpoint","Trekking, Bird Watching",3,Non-Veg,"Hotel Ashrirwad, Hotel Yuvraj, American Dinners, Hotel Sai, Spyce Lounge & Bar",3,4,4,,YES
10/10/2023 23:24:14,23,MALE,Nagpur ,Vacation,Couple,Picnic House,5000 above,"Swimming pool, Gym, Lobby and Bar, Spa",1,Private Vehicle - Four Wheeler,One,Winter,2,"Christ (Deemed to be University) , Pune Lavasa Campus, Lingya Waterfalls, Dasve Viewpoint, Lavasa Lake","Water sport, Trekking",2,Veg,Others,2,1,1,,NO
10/10/2023 23:26:11,18,FEMALE,Nagpur ,Student,Solo,Celebrations,5000 above,Room service and Wifi,2,Cab,One,Monsoon,3,"Christ (Deemed to be University) , Pune Lavasa Campus, Town Hall, Dasve Viewpoint, Lavasa Lake",Trekking,3,Veg,"Hotel Yuvraj, Hotel Shree Pure Veg, College Canteens",3,3,2,,NO
10/10/2023 23:28:18,20,MALE,Nagpur ,Vacation,Group,Celebrations,5000 above,"Gym, Restrauant, Game room",4,Private Vehicle - Four Wheeler,One,Monsoon,3,"Christ (Deemed to be University) , Pune Lavasa Campus, Town Hall, Lavasa Lake","Trekking, Bird Watching, Waterfall Safari",3,Veg,"Popsicles Cafe, College Canteens",3,3,3,,YES
10/10/2023 23:29:37,21,FEMALE,Nagpur,Student,Group,Private Apartments,3000-4000,Restrauant,3,Bus,One,Winter,3,"Lingya Waterfalls, Town Hall, Dasve Viewpoint, Lavasa Lake","Trekking, Bird Watching, Waterfall Safari",4,Veg,Others,4,3,4,Yes,YES
10/10/2023 23:40:27,20,FEMALE,Nagpur,Student,Solo,Private Apartments,2000-3000,Room service and Wifi,1,Private Vehicle - Four Wheeler,Two,Monsoon,1,Town Hall,Trekking,1,Veg,Popsicles Cafe,1,1,,,
10/10/2023 23:44:17,37,FEMALE,Aurangabad,Vacation,Family,Private Apartments,5000 above,"Swimming pool, Gym, Lobby and Bar, Restrauant, Room service and Wifi",5,Private Vehicle - Four Wheeler,One,Winter,1,"Christ (Deemed to be University) , Pune Lavasa Campus, Lingya Waterfalls, Temghar Dam, Town Hall, Dasve Viewpoint, Lavasa Lake, Mulshi Lake","Trackless Train, Water sport, Trekking, Bird Watching, Waterfall Safari, Others",5,Veg,Hotel Ashrirwad,3,5,5,,YES
10/11/2023 1:25:29,21,FEMALE,Kolkata,Vacation,Family,Picnic House,2000-3000,"Swimming pool, Restrauant, Room service and Wifi",5,Private Vehicle - Four Wheeler,Two,Winter,1,"Christ (Deemed to be University) , Pune Lavasa Campus, Lingya Waterfalls, Temghar Dam","Trackless Train, Trekking",4,Non-Veg,"Hotel Yuvraj, Hotel Shree Pure Veg",5,4,4,,YES
10/11/2023 2:55:43,22,MALE,Mumbai,Vacation,Solo,Ekaant,2000-3000,"Lobby and Bar, Restrauant, Room service and Wifi",4,Private Vehicle - Four Wheeler,One,Summer,4,"Lingya Waterfalls, Temghar Dam, Dasve Viewpoint, Lavasa Lake, Mulshi Lake","Water sport, Trekking, Bird Watching, Waterfall Safari",4,Non-Veg,"Hotel Garava, Hotel Yuvraj, Hotel Shree Pure Veg, American Dinners, Popsicles Cafe, Hotel Sai, College Canteens",3,4,4,,YES
10/11/2023 6:56:52,18,FEMALE,Gurugram,Student,Solo,Celebrations,2000-3000,"Lobby and Bar, Game room",4,Private Vehicle - Four Wheeler,Two,Autumn,4,"Christ (Deemed to be University) , Pune Lavasa Campus, Town Hall, Lavasa Lake",Others,3,Veg,"Hotel Shree Pure Veg, College Canteens",3,4,3,Build a mall here ,YES
10/11/2023 10:07:18,29,FEMALE,Kolkata,Vacation,Family,Antariksh,5000 above,"Restrauant, Room service and Wifi",4,Private Vehicle - Four Wheeler,One,Monsoon,4,"Christ (Deemed to be University) , Pune Lavasa Campus, Dasve Viewpoint",Waterfall Safari,4,Veg,Hotel Shree Pure Veg,3,4,4,,YES
10/11/2023 10:35:03,22,MALE,Gwalior,Student,Solo,Private Apartments,3000-4000,Restrauant,2,Cab,More than two,Monsoon,2,"Christ (Deemed to be University) , Pune Lavasa Campus, Lingya Waterfalls, Town Hall, Lavasa Lake",Trackless Train,1,Veg,"Hotel Ashrirwad, Hotel Garava, Hotel Yuvraj, Hotel Shree Pure Veg, American Dinners, Popsicles Cafe, Hotel Sai, College Canteens, Spyce Lounge & Bar",2,1,2,There should be more transportation facilities available,NO
10/11/2023 10:46:52,22,MALE,Shimoga,Student,Couple,Private Apartments,2000-3000,Room service and Wifi,3,Private Vehicle - Two Wheeler,One,Summer,3,"Christ (Deemed to be University) , Pune Lavasa Campus, Lavasa Lake",Others,2,Non-Veg,Hotel Yuvraj,2,2,2,,NO
10/11/2023 10:47:22,22,MALE,Kolkata,Vacation,Couple,Private Apartments,2000-3000,"Restrauant, Room service and Wifi, Spa, Game room",5,Private Vehicle - Four Wheeler,Two,Winter,5,"Christ (Deemed to be University) , Pune Lavasa Campus",Waterfall Safari,5,Veg,Hotel Shree Pure Veg,3,5,5,,YES
10/11/2023 10:51:38,22,FEMALE,"Kerala, Palakkad ",Student,Solo,Picnic House,3000-4000,Restrauant,1,Cab,One,Monsoon,5,"Christ (Deemed to be University) , Pune Lavasa Campus, Dasve Viewpoint, Lavasa Lake",Trekking,4,Non-Veg,"Hotel Yuvraj, College Canteens",4,4,2,,
10/11/2023 10:54:02,22,MALE,Kolkata ,Student,Family,Picnic House,2000-3000,"Restrauant, Room service and Wifi",3,Cab,One,Monsoon,2,"Christ (Deemed to be University) , Pune Lavasa Campus, Lingya Waterfalls, Town Hall, Lavasa Lake",Trackless Train,5,Non-Veg,"Hotel Ashrirwad, Hotel Garava, Hotel Yuvraj, Hotel Shree Pure Veg, Popsicles Cafe, Hotel Sai, College Canteens",3,4,5,,YES
10/11/2023 11:46:41,20,FEMALE,kolkata,Student,Solo,Celebrations,2000-3000,Room service and Wifi,3,Private Vehicle - Four Wheeler,More than two,Winter,4,"Christ (Deemed to be University) , Pune Lavasa Campus, Lingya Waterfalls, Temghar Dam, Town Hall, Dasve Viewpoint, Lavasa Lake","Trekking, Waterfall Safari",5,Non-Veg,"Hotel Ashrirwad, Hotel Yuvraj, Hotel Shree Pure Veg, Hotel Sai, College Canteens",3,3,3,,YES
10/11/2023 11:47:37,22,FEMALE,Thrissur ,Student,Solo,Celebrations,2000-3000,Room service and Wifi,1,Private Vehicle - Four Wheeler,One,Monsoon,3,"Christ (Deemed to be University) , Pune Lavasa Campus, Dasve Viewpoint, Lavasa Lake",Others,2,Non-Veg,Hotel Yuvraj,5,2,2,,NO
10/11/2023 11:50:18,25,FEMALE,kolkats,Student,Solo,Private Apartments,2000-3000,Room service and Wifi,4,Cab,One,Monsoon,3,"Christ (Deemed to be University) , Pune Lavasa Campus, Lingya Waterfalls",Trekking,4,Non-Veg,"Hotel Garava, Hotel Yuvraj, Popsicles Cafe, College Canteens",3,3,4,yes,YES
10/11/2023 11:54:45,21,FEMALE,Kolkata,Student,Group,Ekaant,3000-4000,"Swimming pool, Gym, Restrauant, Room service and Wifi",3,Private Vehicle - Four Wheeler,One,Winter,3,"Christ (Deemed to be University) , Pune Lavasa Campus, Lingya Waterfalls, Lavasa Lake","Water sport, Waterfall Safari",3,Veg,Spyce Lounge & Bar,3,3,3,NA,YES
10/11/2023 12:13:59,21,FEMALE,Nagpur ,Student,Group,Picnic House,2000-3000,"Swimming pool, Restrauant, Room service and Wifi, Game room",5,Private Vehicle - Four Wheeler,One,Summer,3,"Christ (Deemed to be University) , Pune Lavasa Campus","Waterfall Safari, Others",4,Non-Veg,Others,4,3,4,,YES
10/11/2023 12:29:07,22,MALE,Nanded,Business,Group,Ekaant,2000-3000,"Swimming pool, Gym",5,Private Vehicle - Two Wheeler,More than two,Winter,1,"Christ (Deemed to be University) , Pune Lavasa Campus",Waterfall Safari,1,Non-Veg,Hotel Shree Pure Veg,1,5,5,Nice service ,YES
10/11/2023 12:42:31,21,MALE,Kolkata ,Business,Solo,Private Apartments,2000-3000,"Lobby and Bar, Restrauant, Room service and Wifi",3,Bus,One,Autumn,4,"Lingya Waterfalls, Temghar Dam, Dasve Viewpoint","Trackless Train, Water sport, Trekking, Bird Watching, Waterfall Safari",4,Veg,"Hotel Shree Pure Veg, American Dinners, Popsicles Cafe, Others",4,4,4,,YES
10/11/2023 13:30:58,21,MALE,Kannur,Student,Solo,Private Apartments,3000-4000,Gym,3,Cab,One,Monsoon,5,"Christ (Deemed to be University) , Pune Lavasa Campus, Town Hall, Lavasa Lake","Trekking, Waterfall Safari",3,Non-Veg,"Hotel Ashrirwad, Hotel Garava, Hotel Yuvraj, Hotel Sai, College Canteens",3,3,3,,NO
10/11/2023 13:45:25,19,MALE,Ranchi ,Student,Solo,Private Apartments,2000-3000,"Swimming pool, Gym, Lobby and Bar, Restrauant, Room service and Wifi, Spa",3,Private Vehicle - Four Wheeler,More than two,Winter,3,"Lingya Waterfalls, Temghar Dam, Dasve Viewpoint, Lavasa Lake","Water sport, Trekking, Bird Watching",2,Non-Veg,"Hotel Ashrirwad, Hotel Garava, Hotel Yuvraj, Hotel Shree Pure Veg, Popsicles Cafe, Hotel Sai, College Canteens, Spyce Lounge & Bar, Others",4,2,2,,YES
10/11/2023 15:14:38,20,MALE,Kolkata ,Student,Couple,Picnic House,4000-5000,"Swimming pool, Lobby and Bar, Room service and Wifi, Game room",4,Private Vehicle - Four Wheeler,One,Winter,4,"Christ (Deemed to be University) , Pune Lavasa Campus, Temghar Dam, Dasve Viewpoint, Mulshi Lake","Trackless Train, Trekking, Waterfall Safari",4,Non-Veg,"Hotel Ashrirwad, Hotel Yuvraj, American Dinners, Hotel Sai, Spyce Lounge & Bar",4,4,4,,YES
10/11/2023 15:16:16,20,MALE,Kolkata ,Others,Solo,Antariksh,3000-4000,"Gym, Restrauant, Spa",4,Private Vehicle - Two Wheeler,Two,Autumn,3,"Lingya Waterfalls, Town Hall, Lavasa Lake","Water sport, Bird Watching, Others",4,Non-Veg,"Hotel Garava, Hotel Shree Pure Veg, Popsicles Cafe, College Canteens, Others",4,4,3,,YES
10/11/2023 15:17:58,20,MALE,Kolkata ,Vacation,Family,Celebrations,4000-5000,"Swimming pool, Lobby and Bar, Room service and Wifi, Game room",3,Bus,One,Summer,3,"Christ (Deemed to be University) , Pune Lavasa Campus, Temghar Dam, Dasve Viewpoint, Mulshi Lake","Trackless Train, Trekking, Waterfall Safari",4,Non-Veg,"Hotel Ashrirwad, Hotel Yuvraj, American Dinners, Hotel Sai, Spyce Lounge & Bar",4,4,4,,YES
10/11/2023 15:50:56,21,MALE,Nagpur ,Others,Solo,Picnic House,2000-3000,"Swimming pool, Restrauant",3,Private Vehicle - Four Wheeler,One,Winter,3,"Lingya Waterfalls, Temghar Dam, Town Hall, Dasve Viewpoint, Lavasa Lake","Water sport, Bird Watching, Waterfall Safari",4,Veg,"Hotel Ashrirwad, Hotel Yuvraj, Hotel Sai",2,3,4,,YES
10/11/2023 15:56:54,21,MALE,Kolkata,Student,Solo,Picnic House,4000-5000,Room service and Wifi,2,Cab,One,Monsoon,3,"Christ (Deemed to be University) , Pune Lavasa Campus, Town Hall, Dasve Viewpoint, Lavasa Lake",Others,2,Non-Veg,"Hotel Ashrirwad, Hotel Garava, Hotel Yuvraj, Hotel Shree Pure Veg, Popsicles Cafe, Hotel Sai, College Canteens",4,4,4,,YES
10/11/2023 16:07:14,19,MALE,Kolkata ,Vacation,Solo,Picnic House,2000-3000,Gym,4,Bus,One,Winter,3,"Lingya Waterfalls, Lavasa Lake, Mulshi Lake","Water sport, Trekking, Bird Watching, Waterfall Safari",4,Non-Veg,"Hotel Ashrirwad, Hotel Shree Pure Veg, Others",3,4,4,,YES
10/11/2023 16:29:31,22,MALE,Kerala ,Student,Group,Celebrations,2000-3000,Room service and Wifi,3,Cab,More than two,Monsoon,3,"Christ (Deemed to be University) , Pune Lavasa Campus, Lingya Waterfalls, Town Hall, Dasve Viewpoint, Lavasa Lake",Trekking,4,Non-Veg,"Hotel Ashrirwad, Hotel Garava, Hotel Yuvraj, College Canteens",3,3,4,Network ,YES
10/11/2023 16:30:19,21,MALE,"Kerala, Thrissur ",Student,Solo,Private Apartments,3000-4000,Restrauant,3,Private Vehicle - Four Wheeler,One,Monsoon,3,"Christ (Deemed to be University) , Pune Lavasa Campus, Lingya Waterfalls, Town Hall, Dasve Viewpoint, Lavasa Lake","Water sport, Trekking, Waterfall Safari",3,Veg,"Hotel Yuvraj, Hotel Shree Pure Veg, Hotel Sai, College Canteens",3,2,3,,YES
10/11/2023 16:30:27,21,MALE,Thrissur ,Student,Solo,Celebrations,3000-4000,Room service and Wifi,5,Cab,Two,Winter,4,"Christ (Deemed to be University) , Pune Lavasa Campus, Lingya Waterfalls, Lavasa Lake","Trekking, Bird Watching, Others",4,Non-Veg,"Hotel Shree Pure Veg, Others",4,5,4,,NO
10/11/2023 16:31:38,19,MALE,Nashik,Student,Solo,Ekaant,5000 above,"Lobby and Bar, Restrauant, Room service and Wifi, Game room",4,Private Vehicle - Four Wheeler,More than two,Monsoon,3,"Christ (Deemed to be University) , Pune Lavasa Campus, Town Hall, Dasve Viewpoint, Lavasa Lake",Water sport,3,Veg,"Hotel Ashrirwad, Hotel Garava, Hotel Yuvraj, Hotel Shree Pure Veg, American Dinners, Popsicles Cafe, Hotel Sai, Others",2,3,4,,YES
10/11/2023 16:43:52,21,MALE,Kolkata ,Student,Solo,Picnic House,4000-5000,"Swimming pool, Gym, Lobby and Bar, Restrauant, Room service and Wifi, Spa, Game room",5,Private Vehicle - Four Wheeler,More than two,Summer,5,"Christ (Deemed to be University) , Pune Lavasa Campus, Lingya Waterfalls, Temghar Dam, Town Hall, Dasve Viewpoint, Lavasa Lake, Mulshi Lake","Trackless Train, Water sport, Trekking, Bird Watching, Waterfall Safari, Others",5,Non-Veg,"Hotel Ashrirwad, Hotel Garava, Hotel Yuvraj, Hotel Shree Pure Veg, American Dinners, Popsicles Cafe, Hotel Sai, College Canteens, Spyce Lounge & Bar, Others",5,5,5,,NO
10/11/2023 16:44:38,22,FEMALE,Kolkata ,Student,Solo,Ekaant,2000-3000,"Swimming pool, Gym",2,Cab,One,Monsoon,4,"Christ (Deemed to be University) , Pune Lavasa Campus, Lingya Waterfalls, Dasve Viewpoint, Lavasa Lake, Mulshi Lake",Others,3,Veg,"Popsicles Cafe, College Canteens",3,3,2,Yes,YES
10/11/2023 16:53:42,24,MALE,Khowai ,Business,Solo,Picnic House,2000-3000,Swimming pool,1,Private Vehicle - Two Wheeler,One,Summer,1,Temghar Dam,Trackless Train,1,Non-Veg,Hotel Ashrirwad,1,1,1,,YES
10/11/2023 17:13:55,43,MALE,Uttrakhand ,Others,Family,Celebrations,3000-4000,"Lobby and Bar, Restrauant, Room service and Wifi, Game room",5,Cab,More than two,Monsoon,5,"Christ (Deemed to be University) , Pune Lavasa Campus, Town Hall, Dasve Viewpoint, Lavasa Lake","Trackless Train, Water sport, Trekking, Bird Watching, Waterfall Safari, Others",5,Veg,Others,3,5,5,Sum more activities ,YES
10/11/2023 17:16:42,18,FEMALE,Dubai,Student,Family,Antariksh,5000 above,"Swimming pool, Restrauant, Room service and Wifi",3,Private Vehicle - Four Wheeler,More than two,Monsoon,4,"Christ (Deemed to be University) , Pune Lavasa Campus, Temghar Dam, Town Hall, Dasve Viewpoint, Lavasa Lake","Trackless Train, Trekking",4,Non-Veg,"Hotel Ashrirwad, Hotel Garava, Hotel Yuvraj, Hotel Shree Pure Veg, American Dinners, Popsicles Cafe, Hotel Sai, College Canteens, Spyce Lounge & Bar",4,2,2,"Better food with reduced oil. More developments required, a place with great potential not completely utilized",YES
10/11/2023 17:56:36,22,MALE,Nagpur ,Vacation,Family,Private Apartments,3000-4000,"Swimming pool, Gym, Lobby and Bar, Restrauant, Room service and Wifi",3,Private Vehicle - Four Wheeler,One,Summer,2,"Temghar Dam, Town Hall, Lavasa Lake","Trackless Train, Water sport, Others",4,Veg,"Hotel Ashrirwad, Others",4,4,4,,YES
10/11/2023 18:08:45,22,FEMALE,Kolkata,Others,Solo,Ekaant,3000-4000,"Swimming pool, Gym, Lobby and Bar, Restrauant, Room service and Wifi",4,Cab,One,Monsoon,4,"Christ (Deemed to be University) , Pune Lavasa Campus, Lingya Waterfalls, Temghar Dam, Town Hall, Dasve Viewpoint, Lavasa Lake, Mulshi Lake","Trackless Train, Water sport, Trekking, Bird Watching, Waterfall Safari, Others",4,Veg,Popsicles Cafe,3,3,4,,YES
10/11/2023 18:28:18,19,MALE,Bhopal ,Student,Solo,Private Apartments,3000-4000,Room service and Wifi,1,Private Vehicle - Four Wheeler,One,Monsoon,2,"Christ (Deemed to be University) , Pune Lavasa Campus, Temghar Dam, Town Hall, Lavasa Lake",Others,4,Veg,"Hotel Ashrirwad, Hotel Garava, Hotel Yuvraj, Hotel Shree Pure Veg, Popsicles Cafe, Hotel Sai, College Canteens",3,3,3,"Food quality, taste",YES
10/11/2023 18:28:59,21,FEMALE,Kolkata ,Vacation,Family,Picnic House,3000-4000,Room service and Wifi,3,Bus,One,Autumn,3,"Lingya Waterfalls, Dasve Viewpoint, Lavasa Lake, Mulshi Lake","Water sport, Trekking, Bird Watching, Waterfall Safari",4,Non-Veg,"American Dinners, Popsicles Cafe",4,3,4,,YES
10/11/2023 18:35:35,21,MALE,Kolkata ,Vacation,Group,Celebrations,3000-4000,"Swimming pool, Lobby and Bar, Restrauant, Room service and Wifi",4,Cab,One,Autumn,2,"Christ (Deemed to be University) , Pune Lavasa Campus, Lingya Waterfalls, Town Hall, Lavasa Lake","Trackless Train, Bird Watching, Waterfall Safari",5,Non-Veg,"Hotel Ashrirwad, Hotel Yuvraj, American Dinners, Hotel Sai",3,4,5,,YES
10/11/2023 18:37:01,21,FEMALE,Jeypore ,Student,Family,Celebrations,2000-3000,"Restrauant, Game room",2,Cab,Two,Winter,4,"Christ (Deemed to be University) , Pune Lavasa Campus, Temghar Dam, Town Hall, Dasve Viewpoint, Lavasa Lake, Mulshi Lake","Trackless Train, Water sport, Trekking, Bird Watching, Waterfall Safari, Others",4,Non-Veg,"Hotel Garava, Hotel Yuvraj, American Dinners, Hotel Sai, College Canteens, Others",5,3,3,,YES
10/11/2023 18:39:12,22,MALE,Kolkata,Vacation,Solo,Picnic House,2000-3000,"Restrauant, Room service and Wifi",4,Private Vehicle - Four Wheeler,One,Winter,3,"Lingya Waterfalls, Temghar Dam, Town Hall, Dasve Viewpoint, Lavasa Lake, Mulshi Lake","Trekking, Bird Watching, Waterfall Safari",5,Non-Veg,Others,3,4,3,,YES
10/11/2023 18:40:26,30,FEMALE,Kalmeshawar ,Vacation,Couple,Picnic House,3000-4000,"Swimming pool, Gym, Lobby and Bar, Restrauant, Room service and Wifi",3,Private Vehicle - Four Wheeler,Two,Winter,3,"Christ (Deemed to be University) , Pune Lavasa Campus, Lingya Waterfalls, Temghar Dam, Town Hall, Lavasa Lake","Trackless Train, Water sport, Trekking, Bird Watching, Waterfall Safari, Others",4,Non-Veg,"Hotel Ashrirwad, Hotel Yuvraj, Hotel Shree Pure Veg, College Canteens, Spyce Lounge & Bar",3,3,3,,YES
10/11/2023 18:42:17,23,MALE,Soaner ,"Vacation, Student",Family,Picnic House,2000-3000,"Swimming pool, Gym, Lobby and Bar, Restrauant, Room service and Wifi",2,Bus,More than two,Winter,4,"Christ (Deemed to be University) , Pune Lavasa Campus, Lingya Waterfalls, Temghar Dam, Town Hall, Dasve Viewpoint, Lavasa Lake","Trackless Train, Water sport, Trekking, Bird Watching, Waterfall Safari, Others",4,Veg,"Hotel Ashrirwad, Hotel Garava, Hotel Yuvraj, Hotel Shree Pure Veg, American Dinners, Popsicles Cafe, College Canteens, Spyce Lounge & Bar",3,4,4,,YES
10/11/2023 18:44:11,27,MALE,"IT Park, Nagpur ","Vacation, Student",Family,Picnic House,3000-4000,"Swimming pool, Gym, Restrauant, Room service and Wifi, Game room",3,Bus,More than two,Winter,4,"Christ (Deemed to be University) , Pune Lavasa Campus, Lingya Waterfalls, Temghar Dam, Town Hall, Dasve Viewpoint, Lavasa Lake, Mulshi Lake","Trackless Train, Water sport, Trekking, Bird Watching, Waterfall Safari",4,Veg,"Hotel Garava, Hotel Yuvraj, Hotel Shree Pure Veg, American Dinners, Hotel Sai, College Canteens",4,3,2,,YES
10/11/2023 18:52:41,21,MALE,assam,Vacation,Solo,Ekaant,2000-3000,Game room,5,Private Vehicle - Two Wheeler,One,Summer,1,"Christ (Deemed to be University) , Pune Lavasa Campus",Trackless Train,5,Non-Veg,Hotel Yuvraj,1,5,5,nothing really ,YES
10/11/2023 19:20:54,,FEMALE,Chennai ,Student,Family,Picnic House,2000-3000,Room service and Wifi,2,Private Vehicle - Four Wheeler,One,Monsoon,4,Lavasa Lake,Others,5,Veg,"Hotel Garava, Hotel Yuvraj, College Canteens, Others",5,3,5,,YES
10/11/2023 19:24:24,21,MALE,Kolkata,"Vacation, Student",Group,Picnic House,2000-3000,"Swimming pool, Gym, Restrauant, Room service and Wifi, Game room",5,Cab,One,Winter,5,"Christ (Deemed to be University) , Pune Lavasa Campus, Lingya Waterfalls, Town Hall, Lavasa Lake, Mulshi Lake","Water sport, Trekking, Waterfall Safari, Others",5,Veg,Others,4,2,5,,
10/11/2023 19:36:33,19,FEMALE,Kolkata,Student,Family,Private Apartments,3000-4000,"Gym, Lobby and Bar, Restrauant",4,Cab,More than two,Monsoon,3,"Christ (Deemed to be University) , Pune Lavasa Campus, Town Hall, Dasve Viewpoint, Lavasa Lake, Mulshi Lake","Trekking, Bird Watching, Waterfall Safari",4,Non-Veg,Hotel Garava,4,4,4,"lack of Medical facilities, Electronic shops,etc",YES
10/11/2023 20:00:00,27,FEMALE,Kolkata ,Vacation,Group,Ekaant,2000-3000,"Swimming pool, Room service and Wifi",5,Private Vehicle - Four Wheeler,One,Monsoon,3,"Christ (Deemed to be University) , Pune Lavasa Campus, Lingya Waterfalls, Temghar Dam, Town Hall, Dasve Viewpoint, Lavasa Lake, Mulshi Lake","Trackless Train, Trekking, Bird Watching",5,Veg,Hotel Yuvraj,4,3,4,,YES
10/11/2023 20:04:17,26,FEMALE,Kolkata,"Vacation, Teacher",Group,Ekaant,3000-4000,"Swimming pool, Lobby and Bar, Restrauant, Room service and Wifi",4,Private Vehicle - Four Wheeler,Two,Autumn,4,"Lingya Waterfalls, Temghar Dam, Dasve Viewpoint, Lavasa Lake, Mulshi Lake","Water sport, Waterfall Safari, Others",3,Veg,"Hotel Yuvraj, American Dinners, Popsicles Cafe, Spyce Lounge & Bar",4,4,4,,YES
10/11/2023 20:08:41,23,MALE,Kolkata ,Others,Solo,Private Apartments,3000-4000,Restrauant,3,Bus,One,Autumn,3,"Temghar Dam, Dasve Viewpoint","Trackless Train, Trekking",4,Veg,Hotel Yuvraj,4,3,3,,YES
10/11/2023 20:15:17,26,FEMALE,Rourkela,Student,Solo,Private Apartments,2000-3000,Room service and Wifi,5,Bus,One,Summer,1,Town Hall,Others,5,Veg,Hotel Yuvraj,1,5,5,till not find,YES
10/11/2023 20:26:21,22,MALE,Noida,"Vacation, Others",Solo,Private Apartments,2000-3000,Restrauant,3,Cab,One,Winter,2,"Christ (Deemed to be University) , Pune Lavasa Campus, Lingya Waterfalls, Town Hall, Dasve Viewpoint, Lavasa Lake","Trackless Train, Trekking, Bird Watching",4,Veg,"Hotel Ashrirwad, Hotel Shree Pure Veg, College Canteens",4,3,3,,NO
10/11/2023 21:13:27,28,MALE,Kolkata,Vacation,Group,Private Apartments,3000-4000,"Swimming pool, Restrauant, Room service and Wifi, Spa, Game room",5,Private Vehicle - Four Wheeler,One,Winter,4,"Christ (Deemed to be University) , Pune Lavasa Campus, Town Hall, Lavasa Lake","Trackless Train, Water sport, Trekking",5,Veg,Hotel Yuvraj,4,3,4,,YES
10/11/2023 21:28:09,26,MALE,Kolkata,Vacation,Group,Private Apartments,5000 above,"Swimming pool, Gym, Lobby and Bar, Room service and Wifi, Spa, Game room",2,Private Vehicle - Four Wheeler,Two,Winter,4,"Lingya Waterfalls, Temghar Dam, Town Hall, Lavasa Lake, Mulshi Lake","Water sport, Trekking",4,Veg,Hotel Shree Pure Veg,4,2,3,,NO
10/11/2023 21:43:27,26,FEMALE,Vadodara ,Student,Family,Celebrations,2000-3000,Restrauant,3,Private Vehicle - Four Wheeler,Two,Monsoon,3,"Christ (Deemed to be University) , Pune Lavasa Campus",Trekking,3,Veg,Spyce Lounge & Bar,3,3,3,,YES
10/11/2023 21:43:37,21,FEMALE,Goa ,Student,Solo,Celebrations,2000-3000,Room service and Wifi,2,Private Vehicle - Four Wheeler,One,Monsoon,3,"Christ (Deemed to be University) , Pune Lavasa Campus",Others,3,Non-Veg,Hotel Yuvraj,4,4,3,,YES
10/11/2023 22:11:44,20,MALE,Meerut ,Student,Solo,Private Apartments,2000-3000,Spa,1,Cab,Two,Autumn,1,"Christ (Deemed to be University) , Pune Lavasa Campus, Town Hall, Dasve Viewpoint, Lavasa Lake, Mulshi Lake","Trackless Train, Water sport, Trekking, Bird Watching, Waterfall Safari, Others",2,Veg,"Hotel Ashrirwad, Hotel Garava, Hotel Yuvraj, Hotel Shree Pure Veg, American Dinners, Popsicles Cafe, Hotel Sai, College Canteens, Spyce Lounge & Bar, Others",2,1,1,Better development ,YES
10/11/2023 23:54:05,21,FEMALE,Kolkata ,Student,Solo,Private Apartments,2000-3000,Room service and Wifi,5,Cab,One,Winter,5,"Christ (Deemed to be University) , Pune Lavasa Campus, Lingya Waterfalls, Dasve Viewpoint, Lavasa Lake, Mulshi Lake","Bird Watching, Others",5,Non-Veg,"Hotel Ashrirwad, Hotel Garava, Hotel Yuvraj, Popsicles Cafe, Hotel Sai",3,3,4,,YES
10/12/2023 0:12:18,30,FEMALE,Kolkata ,Vacation,Couple,Private Apartments,2000-3000,"Restrauant, Room service and Wifi",4,Private Vehicle - Two Wheeler,One,Summer,1,"Town Hall, Dasve Viewpoint, Lavasa Lake","Trackless Train, Water sport, Trekking",4,Veg,Hotel Shree Pure Veg,4,5,5,,YES
10/12/2023 0:53:31,17,MALE,Alappuzha ,Student,Solo,Celebrations,2000-3000,"Restrauant, Spa, Game room",3,Cab,More than two,Monsoon,3,"Christ (Deemed to be University) , Pune Lavasa Campus, Temghar Dam, Town Hall, Dasve Viewpoint, Lavasa Lake, Mulshi Lake","Water sport, Trekking, Waterfall Safari, Others",3,Non-Veg,"Hotel Ashrirwad, Hotel Garava, Hotel Yuvraj, Hotel Shree Pure Veg, Popsicles Cafe, Hotel Sai, College Canteens, Spyce Lounge & Bar, Others",5,3,2,,YES
10/12/2023 0:56:11,18,FEMALE,Kochi,Student,Solo,Private Apartments,3000-4000,Room service and Wifi,5,Private Vehicle - Four Wheeler,Two,Monsoon,2,"Christ (Deemed to be University) , Pune Lavasa Campus, Temghar Dam, Dasve Viewpoint",Trekking,4,Veg,"Hotel Ashrirwad, Hotel Garava, Hotel Yuvraj, Hotel Shree Pure Veg, Hotel Sai, College Canteens",3,4,2,Can't express in words,YES
10/12/2023 9:42:26,21,FEMALE,Kolkata ,Vacation,Family,Picnic House,4000-5000,Lobby and Bar,3,Bus,One,Monsoon,3,Lavasa Lake,Water sport,3,Non-Veg,Hotel Yuvraj,3,3,3,,YES
10/12/2023 10:22:56,21,MALE,Ranchi,Student,Solo,Antariksh,5000 above,Restrauant,5,Bus,More than two,Monsoon,5,"Christ (Deemed to be University) , Pune Lavasa Campus",Trekking,3,Non-Veg,"Hotel Ashrirwad, Hotel Garava, Hotel Yuvraj, Hotel Shree Pure Veg, American Dinners, Popsicles Cafe, Hotel Sai, College Canteens, Spyce Lounge & Bar, Others",3,3,4,"Get some food franchise, electronics shop",YES
10/12/2023 10:23:20,28,MALE,Kolkata,Business,Solo,Private Apartments,5000 above,"Swimming pool, Gym, Lobby and Bar, Restrauant, Room service and Wifi, Spa, Game room",4,Private Vehicle - Four Wheeler,One,Summer,4,"Lingya Waterfalls, Temghar Dam, Town Hall, Dasve Viewpoint, Lavasa Lake, Mulshi Lake",Bird Watching,3,Veg,"Hotel Ashrirwad, Hotel Garava, Hotel Shree Pure Veg, American Dinners, Popsicles Cafe",4,4,4,,YES
10/12/2023 15:38:39,20,MALE,Mumbai ,Student,Solo,Private Apartments,2000-3000,Room service and Wifi,5,Bus,One,Winter,5,"Christ (Deemed to be University) , Pune Lavasa Campus",Trackless Train,5,Veg,Hotel Sai,5,5,1,,
10/12/2023 15:39:33,21,MALE,Nilgiris,Student,Family,Private Apartments,3000-4000,Room service and Wifi,3,Cab,Two,Monsoon,2,"Christ (Deemed to be University) , Pune Lavasa Campus, Temghar Dam, Town Hall, Lavasa Lake","Trekking, Bird Watching, Waterfall Safari",3,Non-Veg,"Hotel Ashrirwad, Hotel Garava, Hotel Yuvraj, Hotel Shree Pure Veg, Popsicles Cafe, Hotel Sai, College Canteens, Spyce Lounge & Bar, Others",4,3,3,,YES
10/12/2023 15:40:50,19,MALE,Chennai ,"Vacation, Business, Student",Solo,Private Apartments,2000-3000,Lobby and Bar,1,Cab,One,Winter,5,Lingya Waterfalls,Trekking,5,Non-Veg,Hotel Garava,3,4,3,,YES
10/12/2023 15:41:34,24,MALE,Coimbatore,Student,Solo,Private Apartments,2000-3000,"Gym, Lobby and Bar, Room service and Wifi, Game room",3,Private Vehicle - Four Wheeler,More than two,Monsoon,3,"Christ (Deemed to be University) , Pune Lavasa Campus, Town Hall, Dasve Viewpoint, Lavasa Lake","Bird Watching, Others",3,Non-Veg,"Hotel Ashrirwad, Hotel Garava, Hotel Yuvraj, Hotel Shree Pure Veg, Popsicles Cafe, Hotel Sai, College Canteens, Spyce Lounge & Bar",3,3,3,Yes,YES
10/12/2023 15:57:51,37,FEMALE,Kolkata ,Vacation,Family,Antariksh,4000-5000,"Restrauant, Room service and Wifi",4,Private Vehicle - Four Wheeler,One,Monsoon,4,"Lingya Waterfalls, Town Hall, Lavasa Lake",Waterfall Safari,4,Non-Veg,"American Dinners, College Canteens",4,4,4,,YES
10/12/2023 16:05:55,29,MALE,Mumbai ,Vacation,Solo,Private Apartments,4000-5000,"Swimming pool, Gym, Lobby and Bar, Restrauant, Room service and Wifi, Spa, Game room",3,Private Vehicle - Four Wheeler,One,Winter,3,"Christ (Deemed to be University) , Pune Lavasa Campus, Lingya Waterfalls, Temghar Dam, Town Hall, Dasve Viewpoint, Lavasa Lake, Mulshi Lake","Trackless Train, Water sport, Trekking, Bird Watching, Waterfall Safari",3,Veg,"Hotel Yuvraj, Hotel Shree Pure Veg, American Dinners, Popsicles Cafe",3,3,3,,YES
10/12/2023 16:07:09,54,MALE,Kolkata ,Vacation,Family,Picnic House,2000-3000,"Restrauant, Room service and Wifi",5,Bus,One,Autumn,4,"Christ (Deemed to be University) , Pune Lavasa Campus, Lingya Waterfalls, Temghar Dam, Town Hall, Dasve Viewpoint, Lavasa Lake, Mulshi Lake","Trackless Train, Waterfall Safari",5,Non-Veg,"Hotel Yuvraj, Hotel Sai",4,4,5,,YES
10/12/2023 16:32:47,36,MALE,Kolkata ,Others,Family,Picnic House,2000-3000,"Restrauant, Room service and Wifi",4,Private Vehicle - Four Wheeler,One,Winter,4,"Christ (Deemed to be University) , Pune Lavasa Campus","Bird Watching, Waterfall Safari, Others",4,Veg,Hotel Shree Pure Veg,3,3,3,,YES
10/12/2023 16:33:09,22,FEMALE,Meerut,Student,Solo,Celebrations,4000-5000,"Lobby and Bar, Restrauant, Room service and Wifi",3,Cab,One,Monsoon,3,"Christ (Deemed to be University) , Pune Lavasa Campus, Lingya Waterfalls, Temghar Dam, Town Hall, Dasve Viewpoint, Lavasa Lake, Mulshi Lake",Trekking,3,Veg,"Hotel Ashrirwad, Hotel Garava, Hotel Yuvraj, Hotel Shree Pure Veg, Popsicles Cafe, Hotel Sai, College Canteens, Spyce Lounge & Bar",5,3,3,,NO
10/12/2023 16:44:21,22,MALE,Chennai,Student,Solo,Private Apartments,2000-3000,Room service and Wifi,3,Bus,More than two,Winter,3,"Christ (Deemed to be University) , Pune Lavasa Campus, Town Hall, Dasve Viewpoint, Lavasa Lake",Others,3,Non-Veg,"Hotel Ashrirwad, Hotel Garava, Hotel Yuvraj, Popsicles Cafe, Hotel Sai, College Canteens, Spyce Lounge & Bar, Others",3,3,2,,NO
10/12/2023 16:48:27,20,MALE,Kanput,"Vacation, Student",Group,Celebrations,3000-4000,"Swimming pool, Gym, Lobby and Bar, Restrauant, Room service and Wifi, Spa, Game room",2,Private Vehicle - Four Wheeler,Two,Autumn,3,"Lingya Waterfalls, Temghar Dam, Town Hall, Dasve Viewpoint","Trekking, Bird Watching, Waterfall Safari",3,Veg,"Hotel Ashrirwad, Hotel Garava, Hotel Yuvraj, Hotel Sai, College Canteens",3,3,3,Just improve mob handling during peak seasons,YES
10/12/2023 16:50:57,20,FEMALE,Meerut,Vacation,Family,Picnic House,3000-4000,"Swimming pool, Gym, Restrauant, Room service and Wifi, Spa",4,Cab,One,Summer,4,"Lingya Waterfalls, Town Hall, Lavasa Lake","Trackless Train, Water sport, Waterfall Safari",5,Veg,"Hotel Yuvraj, Spyce Lounge & Bar",5,5,5,Not Any,YES
10/12/2023 16:51:37,21,MALE,Meerut,Vacation,Group,Private Apartments,3000-4000,"Swimming pool, Gym, Restrauant, Room service and Wifi",5,Private Vehicle - Four Wheeler,One,Summer,5,"Christ (Deemed to be University) , Pune Lavasa Campus, Lingya Waterfalls, Temghar Dam, Town Hall, Dasve Viewpoint, Lavasa Lake, Mulshi Lake","Trackless Train, Water sport, Trekking, Bird Watching, Waterfall Safari",5,Non-Veg,Hotel Yuvraj,4,5,5,NIL,YES
10/12/2023 16:56:04,21,FEMALE,Bareilly ,Vacation,Family,Antariksh,3000-4000,"Swimming pool, Gym, Room service and Wifi",3,Private Vehicle - Four Wheeler,One,Summer,3,"Christ (Deemed to be University) , Pune Lavasa Campus, Town Hall, Lavasa Lake","Bird Watching, Waterfall Safari",4,Veg,"Hotel Shree Pure Veg, Hotel Sai, College Canteens, Spyce Lounge & Bar",3,3,4,,YES
10/12/2023 18:05:57,31,MALE,Mumbai,Vacation,Group,Celebrations,3000-4000,"Swimming pool, Restrauant, Room service and Wifi, Game room",4,Private Vehicle - Four Wheeler,One,Winter,4,"Christ (Deemed to be University) , Pune Lavasa Campus, Lingya Waterfalls, Temghar Dam, Town Hall, Dasve Viewpoint, Lavasa Lake","Water sport, Trekking, Waterfall Safari",4,Veg,"Hotel Yuvraj, American Dinners, Hotel Sai, College Canteens",4,3,4,,YES
10/12/2023 18:22:40,21,MALE, ,Vacation,Family,Private Apartments,3000-4000,"Swimming pool, Lobby and Bar, Restrauant, Room service and Wifi",3,Private Vehicle - Four Wheeler,One,Monsoon,4,"Town Hall, Lavasa Lake",Bird Watching,4,Veg,Others,4,4,4,,YES
10/12/2023 18:25:05,21,FEMALE,Meerut,Student,Group,Picnic House,5000 above,"Swimming pool, Gym, Lobby and Bar, Restrauant, Room service and Wifi, Spa, Game room",3,Bus,One,Autumn,4,"Christ (Deemed to be University) , Pune Lavasa Campus, Temghar Dam, Town Hall, Mulshi Lake","Water sport, Trekking, Bird Watching",5,Veg,Others,4,4,5,,YES
10/12/2023 18:25:43,20,MALE,Sojat city ,Vacation,Solo,Ekaant,3000-4000,Restrauant,4,Private Vehicle - Four Wheeler,Two,Winter,3,"Christ (Deemed to be University) , Pune Lavasa Campus",Others,5,Non-Veg,Hotel Garava,4,2,4,,YES
10/12/2023 19:14:53,20,FEMALE,Gurgaon,Vacation,Solo,Ekaant,4000-5000,"Swimming pool, Gym, Lobby and Bar, Restrauant, Room service and Wifi, Spa, Game room",4,Private Vehicle - Four Wheeler,One,Autumn,3,"Christ (Deemed to be University) , Pune Lavasa Campus, Town Hall, Lavasa Lake","Bird Watching, Waterfall Safari",4,Veg,"Hotel Garava, Hotel Shree Pure Veg, Hotel Sai, College Canteens",3,4,3,,
10/12/2023 19:26:53,21,FEMALE,Noida ,Vacation,Family,Picnic House,3000-4000,"Swimming pool, Gym, Lobby and Bar, Restrauant, Room service and Wifi",4,Private Vehicle - Four Wheeler,One,Monsoon,4,"Christ (Deemed to be University) , Pune Lavasa Campus, Lingya Waterfalls, Temghar Dam","Trackless Train, Water sport",4,Veg,"American Dinners, Popsicles Cafe",4,4,4,,YES
10/12/2023 20:25:17,23,MALE,Ranchi ,Student,Solo,Celebrations,3000-4000,Room service and Wifi,5,Cab,Two,Monsoon,4,"Christ (Deemed to be University) , Pune Lavasa Campus, Lavasa Lake","Trekking, Bird Watching",5,Non-Veg,"Hotel Ashrirwad, Hotel Yuvraj, Hotel Shree Pure Veg, Popsicles Cafe, Hotel Sai, College Canteens",3,3,3,Yes,YES
10/12/2023 20:58:59,20,FEMALE,Meerut,"Vacation, Others",Group,Picnic House,3000-4000,"Lobby and Bar, Restrauant, Room service and Wifi",4,Cab,One,Winter,4,"Christ (Deemed to be University) , Pune Lavasa Campus, Town Hall, Lavasa Lake","Trekking, Waterfall Safari, Others",5,Veg,Others,3,3,4,,YES
10/12/2023 21:41:03,32,FEMALE,Kolkata,Others,Couple,Private Apartments,2000-3000,Restrauant,3,Private Vehicle - Four Wheeler,One,Summer,4,"Christ (Deemed to be University) , Pune Lavasa Campus",Others,1,Veg,College Canteens,3,2,3,Need to improve conveyance,YES
10/12/2023 21:51:26,42,MALE,Kolkata,Vacation,Couple,Ekaant,5000 above,"Lobby and Bar, Restrauant, Room service and Wifi, Game room",5,Private Vehicle - Four Wheeler,More than two,Autumn,4,"Christ (Deemed to be University) , Pune Lavasa Campus, Temghar Dam, Town Hall, Lavasa Lake",Others,4,Veg,"Hotel Shree Pure Veg, College Canteens",4,4,4,,YES
10/12/2023 22:07:08,20,FEMALE,Gwalior,Student,Solo,Private Apartments,5000 above,Lobby and Bar,4,Private Vehicle - Four Wheeler,More than two,Summer,4,"Christ (Deemed to be University) , Pune Lavasa Campus, Lingya Waterfalls","Trekking, Others",4,Non-Veg,"Hotel Ashrirwad, Hotel Garava, Hotel Yuvraj, Hotel Shree Pure Veg, American Dinners, Popsicles Cafe, Hotel Sai, College Canteens, Spyce Lounge & Bar, Others",5,5,4,"Stay, food",YES
10/12/2023 22:09:05,21,FEMALE,Hyderabad ,Student,Solo,Picnic House,5000 above,"Restrauant, Room service and Wifi",2,Private Vehicle - Four Wheeler,One,Monsoon,5,"Christ (Deemed to be University) , Pune Lavasa Campus",Others,4,Non-Veg,"Hotel Garava, Hotel Yuvraj",3,3,3,,YES
10/12/2023 22:11:07,60,MALE,Lucknow,Vacation,Solo,Private Apartments,2000-3000,Restrauant,3,Private Vehicle - Four Wheeler,One,Autumn,2,Lingya Waterfalls,Water sport,4,Veg,Hotel Ashrirwad,3,3,3,,YES
10/13/2023 4:33:37,16,MALE,Lucknow ,Student,Solo,Private Apartments,2000-3000,Restrauant,3,Cab,Two,Monsoon,4,"Christ (Deemed to be University) , Pune Lavasa Campus, Town Hall, Lavasa Lake",Trekking,2,Veg,"Hotel Ashrirwad, Hotel Garava, Hotel Yuvraj, Hotel Shree Pure Veg, College Canteens",2,3,3,"Water and electricity supply,street lights",YES
10/13/2023 7:18:39,10,FEMALE,Dubai,"Vacation, Teacher",Group,Picnic House,4000-5000,Swimming pool,5,Private Vehicle - Four Wheeler,Two,Winter,4,"Lavasa Lake, Mulshi Lake","Water sport, Waterfall Safari",3,Non-Veg,Spyce Lounge & Bar,4,4,5,Sleeping ,YES
10/13/2023 10:33:52,24,FEMALE,Kottayam,Student,Couple,Antariksh,5000 above,"Swimming pool, Gym, Lobby and Bar, Restrauant, Room service and Wifi, Spa, Game room",5,Private Vehicle - Four Wheeler,More than two,Winter,4,"Christ (Deemed to be University) , Pune Lavasa Campus, Lingya Waterfalls","Trackless Train, Water sport",4,Non-Veg,"Hotel Yuvraj, American Dinners, Popsicles Cafe",4,4,4,,YES
10/13/2023 10:35:06,23,FEMALE,Mangalore ,Student,Family,Ekaant,5000 above,"Swimming pool, Gym, Lobby and Bar, Restrauant, Room service and Wifi, Game room",4,Private Vehicle - Four Wheeler,More than two,Monsoon,3,"Christ (Deemed to be University) , Pune Lavasa Campus, Town Hall, Lavasa Lake",Others,1,Non-Veg,"Hotel Ashrirwad, Hotel Garava, Hotel Yuvraj, Popsicles Cafe, College Canteens",3,2,4,,YES
10/13/2023 10:35:15,20,MALE,Trivandrum ,Teacher,Solo,Antariksh,3000-4000,Lobby and Bar,1,Cab,Two,Monsoon,3,"Lingya Waterfalls, Lavasa Lake",Trekking,3,Non-Veg,Hotel Yuvraj,3,3,4,,YES
10/13/2023 10:36:30,24,FEMALE,Assam,Teacher,Solo,Private Apartments,2000-3000,Room service and Wifi,3,Cab,More than two,Autumn,4,"Christ (Deemed to be University) , Pune Lavasa Campus, Lingya Waterfalls, Temghar Dam, Town Hall, Lavasa Lake","Trekking, Others",4,Veg,"Hotel Ashrirwad, Hotel Garava, Popsicles Cafe, College Canteens, Spyce Lounge & Bar, Others",3,2,4,"Traveling charges, hospital in case of emergencies",YES
10/13/2023 11:49:51,25,MALE,Ahmedabad,Vacation,Couple,Private Apartments,5000 above,"Swimming pool, Lobby and Bar, Restrauant, Game room",5,Private Vehicle - Two Wheeler,One,Winter,1,"Christ (Deemed to be University) , Pune Lavasa Campus, Lingya Waterfalls, Temghar Dam, Town Hall, Dasve Viewpoint, Lavasa Lake, Mulshi Lake","Trackless Train, Water sport, Trekking, Bird Watching, Waterfall Safari, Others",5,Veg,"Hotel Ashrirwad, Hotel Garava, Hotel Yuvraj, Hotel Shree Pure Veg, American Dinners, Popsicles Cafe, Hotel Sai, College Canteens, Spyce Lounge & Bar, Others",5,5,5,,YES
10/13/2023 12:21:21,,FEMALE,Kerala,Student,Family,Picnic House,2000-3000,Room service and Wifi,3,Private Vehicle - Four Wheeler,One,Monsoon,3,"Christ (Deemed to be University) , Pune Lavasa Campus",Others,3,Non-Veg,College Canteens,3,3,3,,YES
10/13/2023 20:14:47,20,MALE,Lucknow ,Student,Family,Private Apartments,3000-4000,Restrauant,2,Cab,One,Monsoon,3,"Christ (Deemed to be University) , Pune Lavasa Campus, Lavasa Lake",Trekking,5,Non-Veg,"Hotel Garava, Hotel Yuvraj, Hotel Shree Pure Veg, Popsicles Cafe, College Canteens",4,2,4,,YES
10/13/2023 20:18:04,19,MALE,Lucknow ,Student,Family,Private Apartments,3000-4000,Restrauant,2,Cab,One,Monsoon,4,"Christ (Deemed to be University) , Pune Lavasa Campus, Lavasa Lake","Trackless Train, Trekking",5,Non-Veg,"Hotel Garava, Hotel Yuvraj, Hotel Shree Pure Veg, Popsicles Cafe, College Canteens",4,2,4,,YES
10/14/2023 17:03:17,30,FEMALE,Pune,Others,Family,Picnic House,5000 above,Spa,1,Private Vehicle - Two Wheeler,One,Summer,1,Lavasa Lake,Others,2,Veg,Others,3,3,1,,NO
10/14/2023 17:35:33,18,FEMALE,Patna ,Student,Solo,Celebrations,2000-3000,Room service and Wifi,2,Cab,More than two,Autumn,4,"Christ (Deemed to be University) , Pune Lavasa Campus, Lingya Waterfalls, Town Hall, Lavasa Lake","Trekking, Bird Watching",3,Non-Veg,"Hotel Ashrirwad, Hotel Garava, Hotel Yuvraj, Hotel Shree Pure Veg, American Dinners, Popsicles Cafe, Hotel Sai, College Canteens",4,3,4,No,YES
10/14/2023 19:05:12,19,MALE,KANPUR ,Student,Family,Private Apartments,2000-3000,"Restrauant, Room service and Wifi",5,Cab,More than two,Summer,1,"Christ (Deemed to be University) , Pune Lavasa Campus, Lingya Waterfalls, Town Hall, Dasve Viewpoint, Lavasa Lake",Others,5,Non-Veg,"Hotel Ashrirwad, Hotel Garava, Hotel Yuvraj, Hotel Shree Pure Veg, American Dinners, College Canteens",3,5,5,Wifi and network ,YES
10/14/2023 19:06:17,18,MALE,Pune,Student,Group,Private Apartments,2000-3000,Swimming pool,1,Private Vehicle - Four Wheeler,One,Monsoon,2,"Christ (Deemed to be University) , Pune Lavasa Campus, Temghar Dam, Town Hall, Dasve Viewpoint, Lavasa Lake, Mulshi Lake","Water sport, Trekking, Bird Watching, Waterfall Safari, Others",2,Non-Veg,"Hotel Ashrirwad, Hotel Garava, Hotel Yuvraj, Hotel Shree Pure Veg, American Dinners, Popsicles Cafe, Hotel Sai, College Canteens, Spyce Lounge & Bar",3,3,3,More connectivity and better facilities ,YES
10/14/2023 19:07:26,22,MALE,Kolkata,Student,Solo,Private Apartments,5000 above,Restrauant,5,Bus,More than two,Monsoon,5,"Christ (Deemed to be University) , Pune Lavasa Campus, Lingya Waterfalls",Trekking,5,Non-Veg,"Hotel Ashrirwad, Hotel Garava, Hotel Yuvraj, Hotel Sai",5,2,2,,NO
10/14/2023 20:58:58,31,MALE,Kolkata,Vacation,Group,Private Apartments,5000 above,"Room service and Wifi, Game room",5,Bus,One,Autumn,1,"Town Hall, Dasve Viewpoint, Lavasa Lake",Others,2,Veg,American Dinners,3,5,4,,YES
10/14/2023 21:25:32,19,MALE,Jaipur,Student,Family,Private Apartments,2000-3000,Restrauant,4,Private Vehicle - Four Wheeler,One,Summer,3,"Christ (Deemed to be University) , Pune Lavasa Campus, Lingya Waterfalls, Town Hall, Dasve Viewpoint, Lavasa Lake, Mulshi Lake","Trackless Train, Water sport, Trekking, Waterfall Safari",4,Veg,"Hotel Ashrirwad, Hotel Garava, Hotel Yuvraj, Hotel Shree Pure Veg, American Dinners, Popsicles Cafe, Hotel Sai, College Canteens",2,2,5,,YES
10/14/2023 21:28:43,19,FEMALE,Dehradun ,Student,Solo,Celebrations,5000 above,Lobby and Bar,2,Bus,More than two,Autumn,3,"Christ (Deemed to be University) , Pune Lavasa Campus, Dasve Viewpoint",Bird Watching,1,Non-Veg,"Hotel Ashrirwad, Hotel Garava, Hotel Yuvraj, Hotel Shree Pure Veg, American Dinners, Popsicles Cafe, Hotel Sai, College Canteens",5,1,1,,NO
10/14/2023 21:32:57,15,FEMALE,Pune,Vacation,Family,Private Apartments,4000-5000,Room service and Wifi,1,Private Vehicle - Four Wheeler,One,Winter,2,"Temghar Dam, Lavasa Lake",Water sport,1,Non-Veg,"American Dinners, Others",5,3,3,.,NO
10/14/2023 21:47:08,16,MALE,Pune,Vacation,Family,Private Apartments,5000 above,"Restrauant, Room service and Wifi",4,Private Vehicle - Four Wheeler,More than two,Winter,4,"Temghar Dam, Dasve Viewpoint, Lavasa Lake","Water sport, Waterfall Safari",5,Non-Veg,"American Dinners, Popsicles Cafe",4,4,4,,
10/15/2023 20:21:17,19,MALE,Hyd,Student,Solo,Ekaant,3000-4000,"Lobby and Bar, Room service and Wifi",3,Private Vehicle - Four Wheeler,One,Autumn,2,"Christ (Deemed to be University) , Pune Lavasa Campus",Trekking,3,Non-Veg,Hotel Garava,3,3,3,No,YES
10/15/2023 20:21:31,21,FEMALE,Kolkata,Student,Solo,Private Apartments,4000-5000,"Restrauant, Room service and Wifi",1,Private Vehicle - Four Wheeler,More than two,Monsoon,5,"Christ (Deemed to be University) , Pune Lavasa Campus, Temghar Dam, Town Hall, Dasve Viewpoint, Lavasa Lake, Mulshi Lake",Water sport,2,Non-Veg,"Hotel Ashrirwad, Hotel Garava, Hotel Yuvraj, Hotel Shree Pure Veg, American Dinners, Popsicles Cafe, Hotel Sai, College Canteens, Spyce Lounge & Bar, Others",4,2,2,,NO
10/15/2023 20:21:35,21,MALE,Durgapur,Student,Group,Private Apartments,5000 above,Room service and Wifi,4,Cab,More than two,Winter,3,"Christ (Deemed to be University) , Pune Lavasa Campus, Lingya Waterfalls, Temghar Dam, Town Hall, Dasve Viewpoint, Lavasa Lake, Mulshi Lake","Trackless Train, Water sport, Trekking, Bird Watching, Waterfall Safari, Others",4,Non-Veg,"Hotel Ashrirwad, Hotel Garava, Hotel Yuvraj, Hotel Shree Pure Veg, American Dinners, Popsicles Cafe, Hotel Sai, College Canteens, Spyce Lounge & Bar, Others",3,3,4,Street lights ,YES
10/16/2023 12:09:34,21,FEMALE,Gurgaon ,Vacation,Solo,Picnic House,3000-4000,"Swimming pool, Gym, Lobby and Bar, Restrauant, Room service and Wifi, Spa, Game room",4,Private Vehicle - Two Wheeler,Two,Autumn,2,"Christ (Deemed to be University) , Pune Lavasa Campus, Lingya Waterfalls, Temghar Dam, Town Hall, Dasve Viewpoint, Lavasa Lake, Mulshi Lake","Trackless Train, Water sport, Trekking, Bird Watching, Waterfall Safari, Others",4,Non-Veg,"Hotel Ashrirwad, Hotel Garava, Hotel Yuvraj, Hotel Shree Pure Veg, American Dinners, Popsicles Cafe, Hotel Sai, College Canteens, Spyce Lounge & Bar, Others",3,3,4,None ,YES
10/16/2023 12:12:42,21,MALE,Sikar,Student,Solo,Private Apartments,3000-4000,"Swimming pool, Gym, Room service and Wifi, Spa",4,Bus,One,Monsoon,2,"Christ (Deemed to be University) , Pune Lavasa Campus, Lingya Waterfalls, Temghar Dam, Lavasa Lake","Trackless Train, Trekking, Others",4,Veg,"Hotel Yuvraj, Hotel Shree Pure Veg, American Dinners, Popsicles Cafe, College Canteens",3,4,4,All good,YES
10/16/2023 16:57:09,21,FEMALE,New Delhi,Vacation,Group,Private Apartments,4000-5000,"Gym, Lobby and Bar, Restrauant, Room service and Wifi",5,Private Vehicle - Four Wheeler,One,Summer,4,Dasve Viewpoint,Water sport,4,Veg,"Hotel Shree Pure Veg, American Dinners, Others",2,3,3,,
10/16/2023 17:41:58,,MALE,Faridabad,Vacation,Group,Private Apartments,3000-4000,"Swimming pool, Restrauant, Room service and Wifi",4,Bus,Two,Summer,4,"Lingya Waterfalls, Temghar Dam, Lavasa Lake","Water sport, Trekking, Waterfall Safari",4,Veg,"Hotel Ashrirwad, Hotel Yuvraj, Popsicles Cafe, Spyce Lounge & Bar",3,4,4,,YES
10/16/2023 22:13:30,21,MALE,Kolkata,Business,Solo,Picnic House,2000-3000,"Swimming pool, Gym, Lobby and Bar, Restrauant, Room service and Wifi, Spa, Game room",5,Private Vehicle - Four Wheeler,More than two,Monsoon,1,"Christ (Deemed to be University) , Pune Lavasa Campus, Lingya Waterfalls, Temghar Dam, Town Hall, Dasve Viewpoint, Lavasa Lake, Mulshi Lake","Trackless Train, Water sport, Trekking, Bird Watching, Waterfall Safari, Others",5,Non-Veg,Spyce Lounge & Bar,3,5,5,Must establish a strong online presence to promote local attractions with engaging content .,YES
10/17/2023 11:17:47,23,FEMALE,kolkata,Student,Couple,Ekaant,2000-3000,"Swimming pool, Room service and Wifi",3,Private Vehicle - Two Wheeler,One,Summer,3,"Christ (Deemed to be University) , Pune Lavasa Campus, Lingya Waterfalls, Temghar Dam, Town Hall, Dasve Viewpoint, Lavasa Lake","Trackless Train, Water sport, Trekking, Bird Watching, Waterfall Safari",3,Non-Veg,"Hotel Ashrirwad, Hotel Garava, Hotel Yuvraj",3,3,3,,YES
10/17/2023 13:21:03,22,FEMALE,Kerala,Student,Solo,Private Apartments,3000-4000,Room service and Wifi,3,Bus,One,Monsoon,2,"Christ (Deemed to be University) , Pune Lavasa Campus, Lingya Waterfalls, Temghar Dam, Town Hall, Dasve Viewpoint, Lavasa Lake, Mulshi Lake",Others,2,Veg,Others,2,2,2,,NO
10/17/2023 13:25:45,27,MALE,Kerala,Student,Solo,Private Apartments,2000-3000,Restrauant,3,Cab,One,Winter,1,"Christ (Deemed to be University) , Pune Lavasa Campus",Others,2,Non-Veg,Hotel Sai,3,3,3,,NO
10/17/2023 13:28:48,21,MALE,Kolkata,Student,Solo,Private Apartments,2000-3000,Swimming pool,5,Cab,More than two,Monsoon,5,"Dasve Viewpoint, Mulshi Lake","Trackless Train, Trekking",5,Non-Veg,College Canteens,5,5,5,No,NO
10/17/2023 13:47:00,21,FEMALE,Delhi,"Vacation, Student",Solo,Private Apartments,5000 above,"Swimming pool, Lobby and Bar, Room service and Wifi",3,Private Vehicle - Four Wheeler,One,Monsoon,2,Lavasa Lake,"Water sport, Trekking, Bird Watching",5,Non-Veg,"Hotel Garava, Hotel Shree Pure Veg, Spyce Lounge & Bar",3,3,4,yes,YES
10/17/2023 15:07:48,21,FEMALE,Meerut,"Vacation, Student",Family,Private Apartments,2000-3000,"Swimming pool, Gym, Restrauant, Room service and Wifi",4,Cab,One,Summer,3,"Lingya Waterfalls, Temghar Dam, Dasve Viewpoint, Lavasa Lake, Mulshi Lake","Water sport, Trekking, Bird Watching",4,Veg,Others,3,3,4,,YES
10/17/2023 19:42:56,22,FEMALE,Noida,Vacation,Solo,Picnic House,4000-5000,"Swimming pool, Gym, Lobby and Bar, Restrauant, Room service and Wifi, Spa, Game room",5,Private Vehicle - Four Wheeler,More than two,Summer,5,"Christ (Deemed to be University) , Pune Lavasa Campus, Lingya Waterfalls, Temghar Dam, Town Hall, Dasve Viewpoint, Lavasa Lake, Mulshi Lake","Trackless Train, Water sport, Trekking, Bird Watching, Waterfall Safari, Others",5,Veg,"Hotel Ashrirwad, Hotel Garava, Hotel Yuvraj, Hotel Shree Pure Veg",4,4,3,,YES
10/18/2023 19:05:21,26,MALE,Kannur,Teacher,Solo,Private Apartments,5000 above,Gym,4,Private Vehicle - Two Wheeler,More than two,Winter,3,"Christ (Deemed to be University) , Pune Lavasa Campus, Lingya Waterfalls, Temghar Dam, Town Hall, Dasve Viewpoint, Lavasa Lake, Mulshi Lake","Trekking, Others",5,Non-Veg,"Hotel Ashrirwad, Hotel Garava, Hotel Yuvraj, American Dinners, Popsicles Cafe, College Canteens, Spyce Lounge & Bar, Others",5,2,5,,YES
10/19/2023 16:02:17,20,MALE,Mandi,Student,Solo,Celebrations,2000-3000,Swimming pool,3,Cab,More than two,Winter,3,Town Hall,Trekking,3,Veg,American Dinners,3,3,3,,
10/19/2023 16:03:18,21,FEMALE,Hyderabad ,Student,Solo,Celebrations,2000-3000,Gym,3,Cab,One,Summer,2,"Christ (Deemed to be University) , Pune Lavasa Campus, Lingya Waterfalls, Dasve Viewpoint","Water sport, Waterfall Safari",2,Non-Veg,"Hotel Ashrirwad, Hotel Yuvraj, Popsicles Cafe",2,2,1,,YES
10/19/2023 16:04:49,25,MALE,Agra,Student,Solo,Private Apartments,3000-4000,Room service and Wifi,1,Cab,One,Monsoon,1,"Christ (Deemed to be University) , Pune Lavasa Campus, Lingya Waterfalls, Town Hall",Others,4,Veg,Hotel Garava,3,4,3,Need transport,NO
10/19/2023 16:05:05,22,FEMALE,Aizawl,Student,Solo,Celebrations,2000-3000,Room service and Wifi,4,Cab,Two,Monsoon,3,"Christ (Deemed to be University) , Pune Lavasa Campus, Lavasa Lake",Others,3,Non-Veg,"Hotel Ashrirwad, Hotel Garava, Hotel Yuvraj, Hotel Shree Pure Veg, American Dinners, Popsicles Cafe, College Canteens, Spyce Lounge & Bar",2,2,2,,NO
10/19/2023 16:08:42,23,FEMALE,Tinsukia,Student,Family,Private Apartments,4000-5000,"Gym, Lobby and Bar, Restrauant, Room service and Wifi",3,Private Vehicle - Four Wheeler,One,Monsoon,2,"Christ (Deemed to be University) , Pune Lavasa Campus, Town Hall, Dasve Viewpoint, Lavasa Lake","Bird Watching, Others",4,Non-Veg,"Hotel Ashrirwad, Hotel Garava, Hotel Yuvraj, Hotel Shree Pure Veg, Popsicles Cafe, Hotel Sai, College Canteens, Others",3,3,2,Yes,YES
10/19/2023 16:09:49,22,FEMALE,Kerala ,Teacher,Solo,Private Apartments,2000-3000,Room service and Wifi,3,Private Vehicle - Two Wheeler,One,Winter,2,Temghar Dam,Bird Watching,3,Non-Veg,Hotel Ashrirwad,4,3,3,,NO
10/19/2023 16:11:20,25,FEMALE,Vadodara ,Student,Solo,Celebrations,2000-3000,"Restrauant, Game room",3,Bus,Two,Winter,3,"Christ (Deemed to be University) , Pune Lavasa Campus","Trekking, Others",3,Veg,Others,3,3,3,,
10/19/2023 16:11:47,21,MALE,Kochi ,Student,Family,Ekaant,5000 above,Gym,2,Private Vehicle - Four Wheeler,More than two,Monsoon,3,"Christ (Deemed to be University) , Pune Lavasa Campus",Trekking,2,Veg,Hotel Shree Pure Veg,3,2,2,,YES
10/19/2023 16:12:06,21,MALE,Adoor,Student,Solo,Antariksh,5000 above,Game room,3,Private Vehicle - Four Wheeler,Two,Winter,3,Lingya Waterfalls,Trekking,4,Non-Veg,Hotel Shree Pure Veg,3,4,4,,YES
10/19/2023 16:13:39,21,MALE,Trivandrum ,Student,Solo,Celebrations,2000-3000,Gym,3,Private Vehicle - Four Wheeler,Two,Winter,3,"Christ (Deemed to be University) , Pune Lavasa Campus, Temghar Dam","Water sport, Trekking",3,Non-Veg,"Hotel Shree Pure Veg, Popsicles Cafe",3,3,3,No,YES
10/19/2023 16:13:49,21,MALE,Kerala,Student,Solo,Private Apartments,2000-3000,Restrauant,3,Cab,Two,Monsoon,3,Lingya Waterfalls,Bird Watching,2,Non-Veg,American Dinners,3,2,3,,NO
10/19/2023 16:23:17,22,MALE,Kannur,Student,Solo,Antariksh,5000 above,Restrauant,3,Cab,More than two,Monsoon,5,"Christ (Deemed to be University) , Pune Lavasa Campus, Town Hall, Lavasa Lake","Bird Watching, Waterfall Safari, Others",4,Non-Veg,"Hotel Ashrirwad, Hotel Yuvraj, College Canteens, Others",5,3,3,,YES
10/19/2023 22:37:55,18,MALE,Chennai,Student,Solo,Private Apartments,2000-3000,"Restrauant, Room service and Wifi",3,Private Vehicle - Four Wheeler,More than two,Monsoon,4,"Christ (Deemed to be University) , Pune Lavasa Campus",Water sport,4,Non-Veg,"Hotel Ashrirwad, Hotel Garava, Hotel Yuvraj, Hotel Shree Pure Veg",4,3,4,so many,NO
10/19/2023 22:39:18,20,MALE,Mumbai ,Student,Solo,Celebrations,2000-3000,"Restrauant, Room service and Wifi",4,Private Vehicle - Four Wheeler,More than two,Winter,5,"Christ (Deemed to be University) , Pune Lavasa Campus, Lingya Waterfalls, Temghar Dam, Town Hall, Dasve Viewpoint, Lavasa Lake, Mulshi Lake","Water sport, Bird Watching, Waterfall Safari",5,Veg,"Hotel Ashrirwad, Hotel Garava, Hotel Yuvraj, Hotel Shree Pure Veg, American Dinners, Popsicles Cafe, Hotel Sai, College Canteens",3,4,4,,YES
10/19/2023 22:46:23,21,MALE,Kannur,Student,Solo,Private Apartments,2000-3000,Room service and Wifi,3,Private Vehicle - Four Wheeler,One,Monsoon,3,"Christ (Deemed to be University) , Pune Lavasa Campus, Temghar Dam, Town Hall, Lavasa Lake","Trekking, Waterfall Safari, Others",4,Non-Veg,"Hotel Ashrirwad, Hotel Garava, Hotel Yuvraj, College Canteens, Others",4,2,2,,NO
10/19/2023 22:54:25,24,MALE,Udaipur ,Teacher,Couple,Private Apartments,4000-5000,"Swimming pool, Gym, Lobby and Bar, Restrauant, Room service and Wifi",4,Private Vehicle - Two Wheeler,More than two,Autumn,4,"Christ (Deemed to be University) , Pune Lavasa Campus, Lingya Waterfalls, Temghar Dam, Town Hall, Dasve Viewpoint, Lavasa Lake, Mulshi Lake","Trackless Train, Water sport, Trekking, Bird Watching, Waterfall Safari, Others",3,Non-Veg,"Popsicles Cafe, Hotel Sai, College Canteens, Spyce Lounge & Bar, Others",5,3,5,,NO
10/19/2023 23:00:24,30,FEMALE,Patna,Vacation,Solo,Antariksh,5000 above,"Swimming pool, Gym, Lobby and Bar, Restrauant, Room service and Wifi, Spa, Game room",5,Private Vehicle - Four Wheeler,More than two,Monsoon,5,"Christ (Deemed to be University) , Pune Lavasa Campus, Lingya Waterfalls, Temghar Dam, Town Hall, Dasve Viewpoint, Lavasa Lake, Mulshi Lake","Trackless Train, Water sport, Trekking, Bird Watching, Waterfall Safari, Others",5,Non-Veg,"Hotel Ashrirwad, Hotel Garava, Hotel Yuvraj, Hotel Shree Pure Veg, American Dinners, Popsicles Cafe, Hotel Sai, College Canteens, Spyce Lounge & Bar, Others",5,5,5,Lavasa is the best place to visit ,YES
10/19/2023 23:04:55,23,MALE,Delhi,"Vacation, Business",Solo,Private Apartments,4000-5000,"Restrauant, Room service and Wifi",4,Private Vehicle - Four Wheeler,One,Monsoon,3,"Lingya Waterfalls, Town Hall, Dasve Viewpoint, Lavasa Lake","Trekking, Bird Watching, Waterfall Safari",3,Non-Veg,"Hotel Ashrirwad, Hotel Garava, Hotel Yuvraj, Spyce Lounge & Bar",4,3,4,Better transportation facilities ,YES
10/19/2023 23:16:47,30,FEMALE,Nagpur,Business,Solo,Antariksh,2000-3000,"Restrauant, Room service and Wifi",2,Bus,Two,Winter,2,"Lingya Waterfalls, Temghar Dam, Town Hall","Bird Watching, Waterfall Safari",2,Veg,"Hotel Garava, Hotel Yuvraj, Hotel Shree Pure Veg",1,2,3,A lot,YES
10/19/2023 23:48:13,22,FEMALE,Nagpur,Student,Family,Celebrations,2000-3000,"Gym, Game room",3,Cab,One,Monsoon,3,"Christ (Deemed to be University) , Pune Lavasa Campus, Town Hall, Lavasa Lake, Mulshi Lake",Bird Watching,3,Veg,"Hotel Shree Pure Veg, Others",3,3,3,,YES