"Timestamp","AGE","GENDER","CITY YOU ARE FROM?","PURPOSE OF VISIT","CATEGORY OF VISITORS","WHERE DID YOU STAY?","HOTEL CHARGES /DAY","AMENITIES YOU GOT","STAFF SERVICE","How did You reach Lavasa?","Frequency of Visit","Season of Visit ","Travel Convenience ","Places you visited in Lavasa","Activities","How would you Rate the activities and attraction","Food preferences","Restaurants You Visited","Worth of Money","Food Satisfaction","How was your Experience in Lavasa?","Improvements needed","Will you Recommend visiting Lavasa?"
"2023/10/10 6:40:25 PM GMT+5:30","24","FEMALE","Delhi","Student","Solo","Celebrations","2000-3000","Room service and Wifi;Game room","3","Private Vehicle - Four Wheeler","One","Monsoon","3","Christ (Deemed to be University) , Pune Lavasa Campus;Town Hall;Dasve Viewpoint;Lavasa Lake","Others","3","Veg","Hotel Yuvraj;Hotel Shree Pure Veg;American Dinners;Popsicles Cafe;College Canteens;Spyce Lounge & Bar;Others","4","2","3","","NO"
"2023/10/10 6:42:51 PM GMT+5:30","22","MALE","KOLKATA","Vacation;Others","Couple","Ekaant","5000 above","Swimming pool;Gym;Lobby and Bar;Restrauant;Room service and Wifi;Spa;Game room","1","Private Vehicle - Four Wheeler","More than two","Winter","1","Christ (Deemed to be University) , Pune Lavasa Campus;Lingya Waterfalls;Temghar Dam;Town Hall;Dasve Viewpoint;Lavasa Lake;Mulshi Lake","Trackless Train;Water sport;Trekking;Bird Watching;Waterfall Safari;Others","5","Veg","Hotel Ashrirwad;Hotel Garava;Hotel Yuvraj;Hotel Shree Pure Veg;American Dinners;Popsicles Cafe;Hotel Sai;College Canteens;Spyce Lounge & Bar;Others","1","1","1","Not much ","YES"
"2023/10/10 6:52:16 PM GMT+5:30","21","FEMALE","meerut","Student","Solo","Celebrations","2000-3000","Restrauant","3","Cab","One","Monsoon","2","Christ (Deemed to be University) , Pune Lavasa Campus;Town Hall;Lavasa Lake","Trekking","1","Veg","Hotel Ashrirwad;Hotel Yuvraj;College Canteens","3","3","3","everything needs to be removed","NO"
"2023/10/10 6:56:37 PM GMT+5:30","21","FEMALE","Pathanamthitta","Student","Family","Picnic House","4000-5000","Room service and Wifi","1","Private Vehicle - Four Wheeler","One","Monsoon","5","Christ (Deemed to be University) , Pune Lavasa Campus;Lavasa Lake","Others","3","Non-Veg","Hotel Yuvraj;Hotel Shree Pure Veg;College Canteens","4","3","3","","NO"
"2023/10/10 7:03:07 PM GMT+5:30","18","FEMALE","Nagpur ","Student","Solo","Celebrations","2000-3000","Restrauant","5","Cab","More than two","Autumn","3","Christ (Deemed to be University) , Pune Lavasa Campus;Lingya Waterfalls;Town Hall;Dasve Viewpoint;Lavasa Lake;Mulshi Lake","Water sport;Trekking","4","Non-Veg","Hotel Ashrirwad;Hotel Garava;Hotel Shree Pure Veg;American Dinners;Popsicles Cafe;Hotel Sai;College Canteens","3","3","3","Itâ€™s needs to develop ","NO"
"2023/10/10 7:04:43 PM GMT+5:30","21","FEMALE","Kolkata","Vacation","Group","Private Apartments","2000-3000","Swimming pool","4","Private Vehicle - Four Wheeler","One","Winter","4","Christ (Deemed to be University) , Pune Lavasa Campus;Lingya Waterfalls;Temghar Dam;Town Hall;Dasve Viewpoint;Lavasa Lake;Mulshi Lake","Trackless Train;Water sport;Trekking;Bird Watching;Waterfall Safari;Others","4","Veg","Popsicles Cafe;Others","4","4","4","No need","YES"
"2023/10/10 7:08:17 PM GMT+5:30","22","FEMALE","Kerala","Student","Family","Picnic House","2000-3000","Room service and Wifi","3","Private Vehicle - Four Wheeler","One","Monsoon","3","Christ (Deemed to be University) , Pune Lavasa Campus","Others","3","Veg","College Canteens","3","3","3","","YES"
"2023/10/10 7:12:04 PM GMT+5:30","20","FEMALE","Kolkata ","Vacation","Family","Celebrations","3000-4000","Restrauant;Room service and Wifi","4","Bus","One","Summer","3","Lingya Waterfalls;Temghar Dam;Lavasa Lake;Mulshi Lake","Bird Watching","3","Non-Veg","Popsicles Cafe","3","3","3","","YES"
"2023/10/10 7:14:06 PM GMT+5:30","20","FEMALE","Kolkata","Student","Group","Ekaant","4000-5000","Lobby and Bar;Restrauant;Room service and Wifi","3","Private Vehicle - Four Wheeler","One","Monsoon","2","Christ (Deemed to be University) , Pune Lavasa Campus;Lingya Waterfalls;Temghar Dam;Town Hall;Dasve Viewpoint;Lavasa Lake","Trekking","4","Non-Veg","Hotel Ashrirwad;Hotel Garava;Hotel Yuvraj;Hotel Shree Pure Veg;College Canteens;Spyce Lounge & Bar;Others","3","2","2","Better Transportation services","YES"
"2023/10/10 7:20:06 PM GMT+5:30","18","FEMALE","Rajkot Gujarat","Student","Solo","Celebrations","2000-3000","Lobby and Bar;Room service and Wifi","3","Private Vehicle - Four Wheeler","More than two","Monsoon","1","Christ (Deemed to be University) , Pune Lavasa Campus;Lingya Waterfalls;Town Hall;Dasve Viewpoint;Lavasa Lake;Mulshi Lake","Trekking;Bird Watching","4","Veg","Hotel Ashrirwad;Hotel Garava;Hotel Yuvraj;Hotel Shree Pure Veg;American Dinners;Popsicles Cafe;Hotel Sai;College Canteens;Spyce Lounge & Bar;Others","4","4","4","Yes a bit ","YES"
"2023/10/10 7:20:26 PM GMT+5:30","44","FEMALE","Meerut ","Others","Family","Celebrations","2000-3000","Room service and Wifi","1","Private Vehicle - Four Wheeler","One","Summer","2","Christ (Deemed to be University) , Pune Lavasa Campus","Others","1","Veg","College Canteens","2","4","5","More activities nd place for visit ","YES"
"2023/10/10 7:21:24 PM GMT+5:30","21","FEMALE","Nagpur ","Student;Others","Solo","Private Apartments","3000-4000","Restrauant;Room service and Wifi","3","Bus","More than two","Monsoon","3","Christ (Deemed to be University) , Pune Lavasa Campus","Trackless Train;Others","3","Veg","Others","3","2","3","","NO"
"2023/10/10 7:23:25 PM GMT+5:30","18","FEMALE","Rajkot ","Student","Solo","Celebrations","2000-3000","Room service and Wifi","4","Private Vehicle - Four Wheeler","More than two","Monsoon","3","Christ (Deemed to be University) , Pune Lavasa Campus;Temghar Dam;Town Hall;Dasve Viewpoint;Lavasa Lake;Mulshi Lake","Bird Watching;Others","2","Veg","Hotel Shree Pure Veg;College Canteens;Others","5","1","2","Yess ","YES"
"2023/10/10 7:23:44 PM GMT+5:30","21","FEMALE","Kolkata","Vacation","Family","Celebrations","3000-4000","Restrauant;Room service and Wifi;Game room","3","Bus","One","Winter","3","Lingya Waterfalls;Temghar Dam;Town Hall;Dasve Viewpoint;Lavasa Lake;Mulshi Lake","Bird Watching;Waterfall Safari","3","Non-Veg","American Dinners","3","3","3","","YES"
"2023/10/10 7:23:58 PM GMT+5:30","21","MALE","Nagpur","Vacation","Solo","Picnic House","5000 above","Swimming pool;Gym;Restrauant;Room service and Wifi;Game room","5","Bus","More than two","Winter","3","Lingya Waterfalls;Temghar Dam;Town Hall","Trackless Train;Water sport;Bird Watching;Waterfall Safari","5","Non-Veg","Hotel Garava;Hotel Yuvraj;American Dinners;Popsicles Cafe","5","5","5","No ","YES"
"2023/10/10 7:24:47 PM GMT+5:30","22","MALE","Pune","Business","Family","Private Apartments","2000-3000","Swimming pool;Gym;Lobby and Bar;Restrauant;Room service and Wifi","3","Private Vehicle - Four Wheeler","One","Autumn","3","Christ (Deemed to be University) , Pune Lavasa Campus;Temghar Dam;Dasve Viewpoint;Mulshi Lake","Trackless Train;Water sport;Bird Watching;Others","1","Non-Veg","Others","1","5","2","No ","YES"
"2023/10/10 7:25:37 PM GMT+5:30","18","MALE","Nagpur ","Student","Family","Private Apartments","2000-3000","Restrauant","3","Private Vehicle - Four Wheeler","Two","Winter","2","Lavasa Lake","Waterfall Safari","3","Veg","Hotel Shree Pure Veg","4","4","4","","YES"
"2023/10/10 7:27:00 PM GMT+5:30","13","MALE","Seoni mp ","Vacation","Family","Private Apartments","4000-5000","Swimming pool;Gym;Restrauant;Room service and Wifi;Game room","5","Private Vehicle - Four Wheeler","More than two","Monsoon","5","Lavasa Lake","Water sport","5","Veg","Others","4","5","5","","YES"
"2023/10/10 7:28:02 PM GMT+5:30","25","FEMALE","Nagpur ","Vacation","Family","Picnic House","2000-3000","Swimming pool;Gym;Lobby and Bar;Restrauant;Room service and Wifi;Game room","3","Bus","More than two","Winter","3","Christ (Deemed to be University) , Pune Lavasa Campus;Lingya Waterfalls;Town Hall;Dasve Viewpoint;Lavasa Lake;Mulshi Lake","Trackless Train;Water sport;Trekking;Bird Watching;Waterfall Safari","4","Veg","Hotel Ashrirwad;Hotel Shree Pure Veg;Spyce Lounge & Bar","4","3","3","","YES"
"2023/10/10 7:32:38 PM GMT+5:30","21","MALE","NAGPUR","Student","Solo","Ekaant","2000-3000","Gym;Restrauant;Game room","3","Cab","Two","Winter","3","Christ (Deemed to be University) , Pune Lavasa Campus;Lavasa Lake","Trekking;Others","4","Veg","Hotel Ashrirwad;Hotel Sai","3","2","5","Nope every thing is Good","YES"
"2023/10/10 7:33:30 PM GMT+5:30","20","MALE","Rajkot ","Student","Solo","Antariksh","4000-5000","Restrauant;Room service and Wifi","2","Private Vehicle - Four Wheeler","Two","Summer","5","Christ (Deemed to be University) , Pune Lavasa Campus","Trackless Train","1","Veg","Hotel Ashrirwad;Hotel Yuvraj;Hotel Shree Pure Veg;Popsicles Cafe;Hotel Sai;College Canteens;Spyce Lounge & Bar","3","3","4","","YES"
"2023/10/10 7:37:21 PM GMT+5:30","24","MALE","Amravati ","Student","Solo","Ekaant","4000-5000","Restrauant;Room service and Wifi","4","Bus","More than two","Summer","2","Christ (Deemed to be University) , Pune Lavasa Campus","Trekking;Bird Watching","5","Non-Veg","American Dinners;Popsicles Cafe;College Canteens","3","3","4","","YES"
"2023/10/10 7:37:44 PM GMT+5:30","21","MALE","Kolkata ","Student","Solo","Private Apartments","4000-5000","Restrauant;Room service and Wifi","5","Cab","One","Monsoon","3","Christ (Deemed to be University) , Pune Lavasa Campus;Lingya Waterfalls;Temghar Dam;Town Hall;Dasve Viewpoint;Lavasa Lake;Mulshi Lake","Trekking;Waterfall Safari;Others","5","Non-Veg","Hotel Ashrirwad;Hotel Garava;Hotel Yuvraj;Hotel Shree Pure Veg;Popsicles Cafe;Hotel Sai;College Canteens;Spyce Lounge & Bar","5","1","5","","NO"
"2023/10/10 7:38:14 PM GMT+5:30","17","MALE","Seoni","Student","Family","Picnic House","2000-3000","Swimming pool;Gym;Restrauant;Room service and Wifi;Game room","5","Private Vehicle - Four Wheeler","One","Winter","2","Christ (Deemed to be University) , Pune Lavasa Campus;Lingya Waterfalls;Temghar Dam;Town Hall;Lavasa Lake","Trackless Train;Bird Watching;Waterfall Safari;Others","5","Veg","Hotel Ashrirwad;Hotel Shree Pure Veg","2","5","5","","YES"
"2023/10/10 7:38:51 PM GMT+5:30","Sandeep Kulkarni ","MALE","Aurangabad ","Vacation","Family","Picnic House","4000-5000","Gym;Lobby and Bar;Restrauant;Room service and Wifi","4","Private Vehicle - Four Wheeler","One","Winter","4","Lingya Waterfalls;Temghar Dam;Town Hall;Dasve Viewpoint;Lavasa Lake;Mulshi Lake","Trackless Train;Trekking;Waterfall Safari","4","Veg","Spyce Lounge & Bar","4","4","4","NA","YES"
"2023/10/10 7:39:56 PM GMT+5:30","18","FEMALE","Ranchi","Student","Solo","Celebrations","5000 above","Restrauant","5","Private Vehicle - Four Wheeler","More than two","Monsoon","5","Christ (Deemed to be University) , Pune Lavasa Campus;Temghar Dam;Town Hall;Lavasa Lake","Others","5","Non-Veg","Hotel Garava;American Dinners;College Canteens","3","4","4","","YES"
"2023/10/10 7:41:08 PM GMT+5:30","25","MALE","Agra","Vacation;Student","Solo","Antariksh","5000 above","Lobby and Bar;Restrauant;Room service and Wifi","4","Cab","More than two","Monsoon","2","Christ (Deemed to be University) , Pune Lavasa Campus;Lingya Waterfalls;Temghar Dam;Town Hall;Lavasa Lake","Bird Watching;Waterfall Safari","4","Veg","Hotel Garava;Popsicles Cafe;College Canteens","2","4","3","Need to improve in transport facility..","YES"
"2023/10/10 7:44:12 PM GMT+5:30","42","FEMALE","NAGPUR","Others","Group","Private Apartments","4000-5000","Swimming pool;Restrauant;Room service and Wifi","3","Cab","Two","Monsoon","3","Christ (Deemed to be University) , Pune Lavasa Campus;Lingya Waterfalls;Town Hall;Lavasa Lake","Water sport;Trekking;Bird Watching","4","Veg","Hotel Ashrirwad;Hotel Shree Pure Veg","3","3","4","Network problem","YES"
"2023/10/10 7:44:42 PM GMT+5:30","21","MALE","Nagpur ","Vacation","Group","Private Apartments","2000-3000","Swimming pool;Gym;Restrauant;Room service and Wifi;Game room","5","Cab","More than two","Autumn","2","Lingya Waterfalls;Town Hall;Lavasa Lake;Mulshi Lake","Water sport;Trekking;Bird Watching;Waterfall Safari","4","Veg","Hotel Ashrirwad;Hotel Shree Pure Veg;American Dinners;Popsicles Cafe;Hotel Sai;College Canteens","3","4","4","","YES"
"2023/10/10 7:45:59 PM GMT+5:30","20","MALE","Nagpur ","Vacation","Solo","Private Apartments","5000 above","Gym","1","Private Vehicle - Two Wheeler","One","Winter","1","Lavasa Lake","Trackless Train","1","Non-Veg","Others","1","1","4","",""
"2023/10/10 7:46:19 PM GMT+5:30","19","MALE","No","Student","Family","Picnic House","5000 above","Gym","1","Private Vehicle - Two Wheeler","More than two","Winter","1","Lingya Waterfalls","Trackless Train","1","Non-Veg","Others","5","1","1","Yess","YES"
"2023/10/10 7:46:47 PM GMT+5:30","20","MALE","Nagpur","Student","Group","Antariksh","2000-3000","Room service and Wifi","4","Cab","One","Winter","3","Christ (Deemed to be University) , Pune Lavasa Campus;Lingya Waterfalls;Lavasa Lake","Water sport;Trekking;Bird Watching;Others","4","Veg","Hotel Shree Pure Veg;American Dinners;Popsicles Cafe;College Canteens","4","4","4","Please provide frequent facilities for students to travel to Pune, as it'll help students to meet new people and for better exposure as in lavasa new faces are seen only in vacations.","YES"
"2023/10/10 7:47:11 PM GMT+5:30","24","MALE","Pune","Student","Family","Private Apartments","5000 above","Swimming pool;Gym;Restrauant;Room service and Wifi;Game room","5","Private Vehicle - Four Wheeler","More than two","Autumn","4","Christ (Deemed to be University) , Pune Lavasa Campus;Lingya Waterfalls;Temghar Dam;Town Hall;Dasve Viewpoint;Lavasa Lake;Mulshi Lake","Water sport;Trekking;Bird Watching;Waterfall Safari","4","Non-Veg","Hotel Garava;American Dinners;Popsicles Cafe","4","2","5","Nothing","YES"
"2023/10/10 7:47:47 PM GMT+5:30","20","FEMALE","Nagpur ","Vacation","Solo","Ekaant","4000-5000","Swimming pool;Restrauant;Room service and Wifi;Game room","4","Cab","Two","Monsoon","4","Temghar Dam;Dasve Viewpoint;Lavasa Lake;Mulshi Lake","Trekking;Bird Watching;Waterfall Safari","4","Veg","Popsicles Cafe;Others","4","4","4","May be in future!!","YES"
"2023/10/10 7:48:43 PM GMT+5:30","18","FEMALE","Anjangaon surji ","Student","Solo","Private Apartments","5000 above","Swimming pool;Restrauant","2","Private Vehicle - Four Wheeler","One","Summer","1","Town Hall","Water sport;Trekking;Waterfall Safari","4","Non-Veg","Hotel Garava;Hotel Shree Pure Veg","4","5","5","No","YES"
"2023/10/10 7:49:13 PM GMT+5:30","32","FEMALE","Pune ","Vacation","Family","Private Apartments","2000-3000","Gym;Restrauant;Room service and Wifi","4","Private Vehicle - Four Wheeler","Two","Monsoon","3","Lingya Waterfalls;Town Hall;Lavasa Lake;Mulshi Lake","Water sport;Trekking;Bird Watching","4","Veg","Hotel Shree Pure Veg;Popsicles Cafe","3","4","4","The fee to enter the city is too high!!! ","YES"
"2023/10/10 7:49:15 PM GMT+5:30","20","FEMALE","Amravati ","Vacation","Group","Picnic House","2000-3000","Restrauant","5","Bus","More than two","Winter","2","Town Hall","Others","3","Veg","Others","5","3","3","Nooo","NO"
"2023/10/10 7:50:07 PM GMT+5:30","26","MALE","Mumbai ","Business","Group","Private Apartments","5000 above","Swimming pool;Gym;Restrauant;Room service and Wifi","3","Private Vehicle - Four Wheeler","More than two","Winter","5","Christ (Deemed to be University) , Pune Lavasa Campus;Lingya Waterfalls;Town Hall","Others","5","Non-Veg","Hotel Ashrirwad;American Dinners;Popsicles Cafe;Hotel Sai","5","2","5","","YES"
"2023/10/10 7:51:55 PM GMT+5:30","17","MALE","Nagpur ","Student","Solo","Antariksh","2000-3000","Game room","5","Private Vehicle - Two Wheeler","One","Summer","1","Town Hall","Water sport","1","Non-Veg","Others","1","1","1","Hsjs","YES"
"2023/10/10 7:52:22 PM GMT+5:30","14","FEMALE","Barghat","Others","Family","Picnic House","2000-3000","Room service and Wifi","5","Private Vehicle - Four Wheeler","More than two","Winter","1","Christ (Deemed to be University) , Pune Lavasa Campus;Lingya Waterfalls;Temghar Dam;Town Hall;Dasve Viewpoint;Lavasa Lake;Mulshi Lake","Waterfall Safari","5","Non-Veg","Hotel Ashrirwad","3","4","","","YES"
"2023/10/10 7:55:18 PM GMT+5:30","19","FEMALE","Pune","Student","Solo","Private Apartments","3000-4000","Room service and Wifi","3","Cab","More than two","Winter","3","Christ (Deemed to be University) , Pune Lavasa Campus;Town Hall;Dasve Viewpoint;Lavasa Lake","Others","3","Veg","Hotel Ashrirwad;Hotel Garava;Hotel Yuvraj;Hotel Shree Pure Veg;American Dinners;Popsicles Cafe;College Canteens","4","3","4","","YES"
"2023/10/10 7:56:16 PM GMT+5:30","20","FEMALE","Nagpur","Vacation","Family","Private Apartments","3000-4000","Swimming pool","5","Private Vehicle - Four Wheeler","More than two","Autumn","2","Lingya Waterfalls;Temghar Dam;Dasve Viewpoint;Lavasa Lake","Trekking;Waterfall Safari","5","Veg","Hotel Shree Pure Veg","3","5","5","","YES"
"2023/10/10 7:57:41 PM GMT+5:30","21","MALE","Nagpur","Others","Solo","Private Apartments","3000-4000","Restrauant","5","Private Vehicle - Four Wheeler","One","Summer","4","Christ (Deemed to be University) , Pune Lavasa Campus;Lavasa Lake","Water sport;Trekking;Bird Watching","5","Veg","Hotel Ashrirwad","4","4","5","","YES"
"2023/10/10 7:58:20 PM GMT+5:30","21","MALE","Kannur","Student","Solo","Celebrations","2000-3000","Room service and Wifi","3","Private Vehicle - Four Wheeler","Two","Monsoon","3","Christ (Deemed to be University) , Pune Lavasa Campus;Town Hall;Dasve Viewpoint;Lavasa Lake","Water sport;Trekking","4","Non-Veg","Hotel Garava;Hotel Yuvraj;Popsicles Cafe;College Canteens","3","3","4","","YES"
"2023/10/10 7:59:56 PM GMT+5:30","20","FEMALE","Nagpur ","Vacation","Group","Antariksh","3000-4000","Swimming pool;Restrauant","4","Private Vehicle - Four Wheeler","One","Monsoon","2","Dasve Viewpoint;Lavasa Lake","Others","4","Non-Veg","Others","3","4","3","-","YES"
"2023/10/10 8:00:09 PM GMT+5:30","21","MALE","Nagpur ","Vacation","Couple","Picnic House","4000-5000","Swimming pool;Gym;Lobby and Bar;Restrauant;Room service and Wifi;Spa;Game room","4","Private Vehicle - Four Wheeler","One","Winter","4","Christ (Deemed to be University) , Pune Lavasa Campus;Lingya Waterfalls;Temghar Dam;Town Hall;Dasve Viewpoint;Lavasa Lake;Mulshi Lake","Trackless Train;Water sport;Trekking;Bird Watching;Waterfall Safari;Others","5","Veg","Others","3","5","5","Nothing ","YES"
"2023/10/10 8:02:53 PM GMT+5:30","25","FEMALE","Nagpur ","Business","Group","Picnic House","2000-3000","Swimming pool;Restrauant;Room service and Wifi;Game room","5","Bus","Two","Winter","5","Lingya Waterfalls;Town Hall;Lavasa Lake","Water sport;Bird Watching;Waterfall Safari;Others","5","Veg","Hotel Ashrirwad;Hotel Sai","5","5","5","","YES"
"2023/10/10 8:02:59 PM GMT+5:30","21","MALE","Goa","Student","Solo","Private Apartments","5000 above","Room service and Wifi","4","Private Vehicle - Four Wheeler","More than two","Monsoon","4","Christ (Deemed to be University) , Pune Lavasa Campus;Town Hall;Dasve Viewpoint;Lavasa Lake","Water sport;Trekking;Bird Watching;Waterfall Safari","2","Non-Veg","Hotel Ashrirwad;Hotel Garava;Hotel Yuvraj;Hotel Shree Pure Veg;Popsicles Cafe;Hotel Sai;College Canteens","3","4","4","More attractive activities and better development of the place","YES"
"2023/10/10 8:03:07 PM GMT+5:30","17","FEMALE","vishakapatanam","Student","Solo","Private Apartments","4000-5000","Restrauant;Room service and Wifi","4","Cab","More than two","Monsoon","5","Christ (Deemed to be University) , Pune Lavasa Campus;Town Hall;Lavasa Lake","Others","5","Non-Veg","Hotel Ashrirwad;Hotel Garava;Hotel Yuvraj;American Dinners;Popsicles Cafe;Hotel Sai;College Canteens;Spyce Lounge & Bar","3","4","3","","YES"
"2023/10/10 8:06:06 PM GMT+5:30","23","FEMALE","Hyderabad ","Student","Family","Private Apartments","2000-3000","Room service and Wifi","4","Private Vehicle - Four Wheeler","More than two","Winter","2","Christ (Deemed to be University) , Pune Lavasa Campus;Town Hall;Dasve Viewpoint;Lavasa Lake","Trackless Train;Water sport;Trekking;Bird Watching","3","Veg","Hotel Ashrirwad;Hotel Garava;Hotel Shree Pure Veg;American Dinners;Hotel Sai","4","4","3","Except the lake, mountain nothing is there to visit this lavsa. ","NO"
"2023/10/10 8:06:21 PM GMT+5:30","22","FEMALE","Nagpur","Vacation","Group","Private Apartments","3000-4000","Swimming pool;Lobby and Bar;Room service and Wifi","4","Private Vehicle - Four Wheeler","One","Winter","1","Christ (Deemed to be University) , Pune Lavasa Campus;Lingya Waterfalls;Temghar Dam;Town Hall;Dasve Viewpoint;Lavasa Lake;Mulshi Lake","Trackless Train;Water sport;Trekking;Bird Watching;Waterfall Safari","5","Veg","Hotel Shree Pure Veg;Popsicles Cafe;Others","3","4","5","","YES"
"2023/10/10 8:07:51 PM GMT+5:30","21","MALE","Nagpur ","Vacation","Couple","Picnic House","4000-5000","Swimming pool;Restrauant;Room service and Wifi;Game room","3","Cab","One","Monsoon","3","Lingya Waterfalls;Temghar Dam;Town Hall;Dasve Viewpoint;Lavasa Lake;Mulshi Lake","Trackless Train;Water sport;Trekking;Bird Watching;Waterfall Safari","4","Veg","American Dinners;Popsicles Cafe","3","3","","Nead to improve more on  infrastructure and transport services ","YES"
"2023/10/10 8:09:22 PM GMT+5:30","21","FEMALE","Nagpur ","Vacation;Student","Group","Picnic House","5000 above","Swimming pool;Restrauant;Room service and Wifi;Game room","3","Private Vehicle - Four Wheeler","Two","Winter","3","Christ (Deemed to be University) , Pune Lavasa Campus;Town Hall;Dasve Viewpoint;Mulshi Lake","Water sport;Trekking;Waterfall Safari","3","Veg","Hotel Ashrirwad;Hotel Yuvraj;Popsicles Cafe;Spyce Lounge & Bar","3","3","3","","YES"
"2023/10/10 8:10:05 PM GMT+5:30","21","FEMALE","Nagpur ","Vacation","Family","Private Apartments","3000-4000","Gym;Restrauant;Room service and Wifi;Game room","3","Private Vehicle - Four Wheeler","One","Monsoon","3","Lingya Waterfalls;Temghar Dam;Lavasa Lake;Mulshi Lake","Trekking;Bird Watching;Waterfall Safari","4","Veg","Hotel Ashrirwad;Hotel Shree Pure Veg","3","3","3","","YES"
"2023/10/10 8:11:06 PM GMT+5:30","21","FEMALE","Hinganghat","Student","Solo","Picnic House","3000-4000","Gym;Restrauant;Room service and Wifi;Game room","4","Private Vehicle - Two Wheeler","Two","Winter","3","Christ (Deemed to be University) , Pune Lavasa Campus;Lingya Waterfalls;Lavasa Lake","Water sport;Trekking;Waterfall Safari","4","Non-Veg","Hotel Ashrirwad;American Dinners;Popsicles Cafe;Spyce Lounge & Bar","3","4","4","","YES"
"2023/10/10 8:12:55 PM GMT+5:30","19","FEMALE","Kolkata ","Student","Solo","Private Apartments","5000 above","Gym;Restrauant;Room service and Wifi","3","Cab","More than two","Winter","3","Christ (Deemed to be University) , Pune Lavasa Campus;Town Hall;Dasve Viewpoint;Lavasa Lake","Others","3","Non-Veg","Hotel Ashrirwad;Hotel Garava;Hotel Yuvraj;Popsicles Cafe;Hotel Sai;College Canteens;Others","3","3","3","Public transport ","NO"
"2023/10/10 8:13:37 PM GMT+5:30","20","FEMALE","Delhi ","Vacation","Group","Private Apartments","5000 above","Swimming pool;Game room","4","Bus","Two","Monsoon","4","Christ (Deemed to be University) , Pune Lavasa Campus;Temghar Dam;Dasve Viewpoint;Lavasa Lake;Mulshi Lake","Water sport;Trekking;Waterfall Safari","4","Veg","Hotel Ashrirwad;Hotel Shree Pure Veg;Others","4","4","4","May be.","YES"
"2023/10/10 8:15:40 PM GMT+5:30","21","MALE","Seoni","Business","Solo","Ekaant","3000-4000","Swimming pool;Gym;Restrauant;Room service and Wifi;Game room","4","Private Vehicle - Four Wheeler","One","Winter","2","Christ (Deemed to be University) , Pune Lavasa Campus;Lingya Waterfalls;Temghar Dam;Town Hall;Lavasa Lake","Trackless Train;Water sport;Trekking;Bird Watching;Waterfall Safari;Others","4","Veg","Hotel Ashrirwad;Hotel Shree Pure Veg","3","4","4","","YES"
"2023/10/10 8:19:10 PM GMT+5:30","22","FEMALE","Nagpur","Vacation","Couple","Private Apartments","4000-5000","Swimming pool;Gym;Lobby and Bar;Restrauant;Room service and Wifi;Spa;Game room","4","Private Vehicle - Four Wheeler","One","Winter","2","Christ (Deemed to be University) , Pune Lavasa Campus;Lingya Waterfalls;Temghar Dam;Town Hall;Dasve Viewpoint;Lavasa Lake;Mulshi Lake","Trackless Train;Water sport;Trekking;Bird Watching;Waterfall Safari","3","Non-Veg","Others","3","3","3","","YES"
"2023/10/10 8:21:35 PM GMT+5:30","21","MALE","Nagpur","Vacation","Couple","Picnic House","3000-4000","Lobby and Bar;Restrauant","2","Private Vehicle - Four Wheeler","Two","Summer","1","Lingya Waterfalls;Dasve Viewpoint","Trackless Train","4","Non-Veg","Hotel Yuvraj","1","2","","",""
"2023/10/10 8:24:51 PM GMT+5:30","21","MALE","Nagpur","Others","Solo","Private Apartments","5000 above","Swimming pool;Gym;Restrauant","2","Private Vehicle - Four Wheeler","More than two","Winter","3","Lingya Waterfalls;Dasve Viewpoint;Lavasa Lake;Mulshi Lake","Trackless Train;Water sport;Trekking;Waterfall Safari","3","Non-Veg","Popsicles Cafe","2","2","2","Yes ","NO"
"2023/10/10 8:25:19 PM GMT+5:30","20","FEMALE","Nagpur","Student","Solo","Private Apartments","5000 above","Swimming pool;Gym;Lobby and Bar;Restrauant;Room service and Wifi;Spa;Game room","3","Private Vehicle - Four Wheeler","More than two","Winter","3","Christ (Deemed to be University) , Pune Lavasa Campus;Lingya Waterfalls;Temghar Dam;Town Hall;Dasve Viewpoint;Lavasa Lake;Mulshi Lake","Trekking;Bird Watching;Waterfall Safari","3","Veg","Hotel Ashrirwad;Hotel Shree Pure Veg;Hotel Sai;College Canteens","3","3","4",". ","YES"
"2023/10/10 8:30:39 PM GMT+5:30","27","FEMALE","Pune","Others","Couple","Private Apartments","5000 above","Swimming pool;Gym;Lobby and Bar;Restrauant;Room service and Wifi;Spa;Game room","5","Private Vehicle - Four Wheeler","One","Monsoon","2","Lingya Waterfalls","Others","4","Veg","Hotel Ashrirwad","3","3","3","No","YES"
"2023/10/10 8:31:25 PM GMT+5:30","22","FEMALE","Nagpur ","Others","Group","Private Apartments","4000-5000","Swimming pool;Gym;Lobby and Bar;Restrauant;Room service and Wifi;Spa;Game room","5","Private Vehicle - Four Wheeler","One","Autumn","4","Lingya Waterfalls;Temghar Dam;Town Hall;Lavasa Lake;Mulshi Lake","Water sport;Trekking;Bird Watching;Waterfall Safari;Others","5","Veg","Hotel Shree Pure Veg;Popsicles Cafe;Hotel Sai;College Canteens;Spyce Lounge & Bar;Others","4","4","4","","YES"
"2023/10/10 8:34:29 PM GMT+5:30","21","FEMALE","Chandrapur ","Vacation","Solo","Picnic House","4000-5000","Swimming pool;Gym;Lobby and Bar;Restrauant;Room service and Wifi;Game room","5","Private Vehicle - Four Wheeler","One","Winter","3","Lingya Waterfalls;Temghar Dam;Dasve Viewpoint;Lavasa Lake;Mulshi Lake","Trackless Train;Trekking;Bird Watching;Waterfall Safari","5","Non-Veg","Hotel Ashrirwad;Hotel Yuvraj;Hotel Shree Pure Veg;Popsicles Cafe;College Canteens;Others","4","4","4","","YES"
"2023/10/10 8:35:44 PM GMT+5:30","21","FEMALE","bhandara","Vacation","Solo","Private Apartments","2000-3000","Swimming pool;Gym;Lobby and Bar;Restrauant;Room service and Wifi;Spa;Game room","5","Private Vehicle - Four Wheeler","One","Winter","1","Christ (Deemed to be University) , Pune Lavasa Campus;Lingya Waterfalls;Temghar Dam;Town Hall;Dasve Viewpoint;Lavasa Lake;Mulshi Lake","Trackless Train;Water sport;Trekking;Bird Watching;Waterfall Safari;Others","5","Non-Veg","Spyce Lounge & Bar","1","3","5","n","NO"
"2023/10/10 8:39:10 PM GMT+5:30","21","FEMALE","Nagpur ","Vacation","Family","Celebrations","3000-4000","Swimming pool;Gym;Lobby and Bar;Restrauant;Room service and Wifi;Spa;Game room","5","Bus","One","Winter","5","Christ (Deemed to be University) , Pune Lavasa Campus;Lingya Waterfalls;Temghar Dam;Town Hall;Dasve Viewpoint;Lavasa Lake;Mulshi Lake","Water sport;Trekking;Bird Watching;Waterfall Safari","5","Non-Veg","Hotel Ashrirwad;Popsicles Cafe;Hotel Sai;Spyce Lounge & Bar","4","5","5","","YES"
"2023/10/10 8:39:37 PM GMT+5:30","32","MALE","Nagpur ","Vacation","Couple","Private Apartments","2000-3000","Swimming pool;Lobby and Bar;Room service and Wifi;Game room","3","Private Vehicle - Four Wheeler","One","Monsoon","3","Christ (Deemed to be University) , Pune Lavasa Campus;Lingya Waterfalls;Temghar Dam;Town Hall;Dasve Viewpoint;Lavasa Lake;Mulshi Lake","Trekking;Bird Watching;Waterfall Safari;Others","3","Non-Veg","Hotel Shree Pure Veg;American Dinners;Popsicles Cafe;Hotel Sai;College Canteens;Spyce Lounge & Bar","3","3","3","","YES"
"2023/10/10 8:44:35 PM GMT+5:30","18","FEMALE","Nagpur ","Vacation","Group","Picnic House","3000-4000","Swimming pool;Restrauant;Room service and Wifi;Game room","3","Private Vehicle - Four Wheeler","Two","Monsoon","5","Lingya Waterfalls;Town Hall;Lavasa Lake;Mulshi Lake","Water sport;Trekking;Bird Watching;Waterfall Safari","5","Non-Veg","American Dinners;Hotel Sai;Spyce Lounge & Bar","4","4","5","","YES"
"2023/10/10 8:51:32 PM GMT+5:30","53","MALE","Meerut ","Others","Family","Celebrations","2000-3000","Room service and Wifi","1","Cab","One","Monsoon","3","Christ (Deemed to be University) , Pune Lavasa Campus;Temghar Dam;Town Hall;Dasve Viewpoint;Lavasa Lake;Mulshi Lake","Others","4","Veg","College Canteens","3","4","5","Public transportation needed","YES"
"2023/10/10 8:58:41 PM GMT+5:30","18","MALE","Achalpur ","Vacation;Student","Group","Picnic House","2000-3000","Swimming pool;Gym;Restrauant;Room service and Wifi;Spa;Game room","3","Bus","One","Monsoon","3","Christ (Deemed to be University) , Pune Lavasa Campus;Lingya Waterfalls;Temghar Dam;Lavasa Lake","Water sport;Bird Watching;Waterfall Safari;Others","4","Veg","Hotel Garava;Hotel Yuvraj;Hotel Shree Pure Veg;Popsicles Cafe","3","4","4","","YES"
"2023/10/10 8:59:18 PM GMT+5:30","21","FEMALE","pune","Student","Solo","Celebrations","3000-4000","Restrauant;Room service and Wifi","4","Private Vehicle - Four Wheeler","More than two","Winter","3","Christ (Deemed to be University) , Pune Lavasa Campus;Lingya Waterfalls;Temghar Dam;Town Hall;Dasve Viewpoint;Lavasa Lake;Mulshi Lake","Trekking;Bird Watching;Waterfall Safari","5","Non-Veg","Hotel Ashrirwad;Hotel Yuvraj;Popsicles Cafe;College Canteens","5","2","3","","YES"
"2023/10/10 9:29:24 PM GMT+5:30","18","FEMALE","Coimbatore ","Student","Solo","Private Apartments","4000-5000","Room service and Wifi","1","Private Vehicle - Four Wheeler","More than two","Winter","5","Christ (Deemed to be University) , Pune Lavasa Campus;Town Hall;Lavasa Lake","Others","2","Veg","Hotel Ashrirwad;Hotel Garava;Hotel Yuvraj;Hotel Shree Pure Veg;American Dinners;Popsicles Cafe;Hotel Sai;College Canteens;Others","4","2","2","","NO"
"2023/10/10 9:35:06 PM GMT+5:30","23","FEMALE","Shillong","Student","Solo","Celebrations","2000-3000","Room service and Wifi","2","Cab","Two","Monsoon","5","Christ (Deemed to be University) , Pune Lavasa Campus;Temghar Dam;Town Hall;Dasve Viewpoint;Lavasa Lake","Others","3","Non-Veg","Hotel Ashrirwad;Hotel Garava;Hotel Yuvraj;Popsicles Cafe;College Canteens;Spyce Lounge & Bar","4","3","1","There should be more activities, and in need of more liveliness ","NO"
"2023/10/10 9:35:47 PM GMT+5:30","20","FEMALE","Nagpur","Others","Group","Celebrations","3000-4000","Restrauant;Game room","3","Bus","One","Winter","3","Christ (Deemed to be University) , Pune Lavasa Campus;Lingya Waterfalls","Others","3","Veg","Hotel Ashrirwad;Others","3","3","4","",""
"2023/10/10 9:41:01 PM GMT+5:30","21","FEMALE","Nagpur","Others","Solo","Private Apartments","2000-3000","Gym;Restrauant;Game room","4","Private Vehicle - Four Wheeler","One","Monsoon","3","Christ (Deemed to be University) , Pune Lavasa Campus;Lavasa Lake","Waterfall Safari;Others","5","Non-Veg","Hotel Sai;Others","5","2","4","","YES"
"2023/10/10 9:42:53 PM GMT+5:30","18","FEMALE","Why do you care","Others","Couple","Private Apartments","5000 above","Swimming pool;Gym;Lobby and Bar;Restrauant;Room service and Wifi;Spa;Game room","4","Private Vehicle - Four Wheeler","More than two","Autumn","5","Lavasa Lake","Trackless Train;Water sport;Trekking;Bird Watching;Waterfall Safari;Others","4","Non-Veg","Hotel Ashrirwad;Hotel Garava;Hotel Yuvraj;Hotel Shree Pure Veg;American Dinners;Popsicles Cafe;Hotel Sai;College Canteens;Spyce Lounge & Bar;Others","1","1","2","","NO"
"2023/10/10 9:44:39 PM GMT+5:30","25","FEMALE","Lucknow","Vacation","Couple","Celebrations","2000-3000","Swimming pool;Lobby and Bar;Restrauant;Room service and Wifi","1","Private Vehicle - Four Wheeler","One","Monsoon","1","Christ (Deemed to be University) , Pune Lavasa Campus;Lingya Waterfalls;Temghar Dam;Lavasa Lake;Mulshi Lake","Trackless Train;Bird Watching","1","Veg","Popsicles Cafe","1","1","1","Nothing","YES"
"2023/10/10 9:54:05 PM GMT+5:30","19","MALE","Delhi","Vacation","Group","Private Apartments","2000-3000","Swimming pool;Gym;Lobby and Bar;Restrauant;Room service and Wifi;Spa;Game room","4","Bus","One","Winter","4","Lingya Waterfalls;Temghar Dam;Town Hall;Dasve Viewpoint;Lavasa Lake;Mulshi Lake","Trekking;Bird Watching;Waterfall Safari","4","Veg","Hotel Ashrirwad;Hotel Yuvraj;Hotel Shree Pure Veg;Spyce Lounge & Bar","3","4","4","","YES"
"2023/10/10 9:54:52 PM GMT+5:30","22","FEMALE","Nagpur ","Vacation","Solo","Ekaant","2000-3000","Restrauant;Room service and Wifi","4","Private Vehicle - Four Wheeler","One","Winter","3","Lavasa Lake","Trekking;Bird Watching","3","Veg","Hotel Ashrirwad","3","4","3","Nothing","YES"
"2023/10/10 9:55:13 PM GMT+5:30","23","MALE","Nagpur ","Others","Solo","Antariksh","2000-3000","Game room","4","Cab","One","Winter","4","Temghar Dam;Town Hall;Lavasa Lake;Mulshi Lake","Water sport;Trekking;Waterfall Safari;Others","3","Veg","Hotel Shree Pure Veg;Others","2","3","3","","YES"
"2023/10/10 10:15:03 PM GMT+5:30","22","MALE","Kolkata","Student","Solo","Picnic House","4000-5000","Room service and Wifi","2","Cab","One","Monsoon","3","Christ (Deemed to be University) , Pune Lavasa Campus;Town Hall;Dasve Viewpoint;Lavasa Lake;Mulshi Lake","Trekking","4","Non-Veg","Hotel Garava","3","3","4","","YES"
"2023/10/10 10:19:09 PM GMT+5:30","19","MALE","Nagpur","Student","Family","Private Apartments","5000 above","Swimming pool;Gym;Lobby and Bar;Restrauant;Room service and Wifi;Spa;Game room","5","Private Vehicle - Four Wheeler","Two","Winter","3","Christ (Deemed to be University) , Pune Lavasa Campus","Waterfall Safari","5","Veg","Others","4","5","5","","YES"
"2023/10/10 10:19:10 PM GMT+5:30","20","FEMALE","Nagpur ","Student","Solo","Picnic House","2000-3000","Room service and Wifi","5","Private Vehicle - Four Wheeler","More than two","Winter","1","Lingya Waterfalls;Lavasa Lake","Trackless Train;Trekking;Waterfall Safari","5","Veg","Hotel Ashrirwad;Hotel Shree Pure Veg;Popsicles Cafe;College Canteens","3","5","5","","YES"
"2023/10/10 10:29:52 PM GMT+5:30","20","MALE","Nagpur ","Vacation","Group","Picnic House","2000-3000","Swimming pool;Restrauant;Room service and Wifi","4","Private Vehicle - Four Wheeler","One","Winter","2","Christ (Deemed to be University) , Pune Lavasa Campus;Lingya Waterfalls;Temghar Dam;Town Hall;Lavasa Lake;Mulshi Lake","Trackless Train;Water sport;Bird Watching;Others","4","Non-Veg","Hotel Ashrirwad;American Dinners;Spyce Lounge & Bar","3","4","5","","YES"
"2023/10/10 10:34:26 PM GMT+5:30","21","FEMALE","Nagpur ","Vacation","Family","Picnic House","2000-3000","Swimming pool;Gym;Lobby and Bar;Restrauant;Room service and Wifi;Spa;Game room","5","Private Vehicle - Four Wheeler","One","Winter","5","Christ (Deemed to be University) , Pune Lavasa Campus;Lingya Waterfalls;Temghar Dam;Town Hall;Dasve Viewpoint;Lavasa Lake;Mulshi Lake","Trackless Train;Water sport;Trekking;Bird Watching;Waterfall Safari;Others","5","Veg","Hotel Ashrirwad;Hotel Garava;Hotel Yuvraj;Hotel Shree Pure Veg;American Dinners;Popsicles Cafe;Hotel Sai;College Canteens;Spyce Lounge & Bar","5","5","5","","YES"
"2023/10/10 10:36:12 PM GMT+5:30","21","FEMALE","Nagpur ","Others","Group","Private Apartments","4000-5000","Restrauant;Room service and Wifi","3","Private Vehicle - Four Wheeler","One","Winter","3","Lingya Waterfalls;Temghar Dam;Town Hall;Dasve Viewpoint;Lavasa Lake","Water sport;Trekking;Bird Watching;Waterfall Safari","3","Veg","American Dinners;Popsicles Cafe;Hotel Sai","3","2","3","","YES"
"2023/10/10 10:41:53 PM GMT+5:30","15","FEMALE","Meerut","Others","Family","Antariksh","2000-3000","Room service and Wifi","2","Cab","One","Monsoon","3","Christ (Deemed to be University) , Pune Lavasa Campus;Temghar Dam;Town Hall;Dasve Viewpoint;Lavasa Lake;Mulshi Lake","Others","3","Veg","College Canteens","3","4","4","","YES"
"2023/10/10 10:49:20 PM GMT+5:30","21","FEMALE","Nagpur ","Vacation","Family","Picnic House","2000-3000","Swimming pool;Gym;Lobby and Bar;Restrauant;Room service and Wifi;Spa;Game room","5","Bus","One","Summer","2","Christ (Deemed to be University) , Pune Lavasa Campus;Lingya Waterfalls;Temghar Dam;Town Hall;Dasve Viewpoint;Lavasa Lake;Mulshi Lake","Trackless Train;Water sport;Trekking;Bird Watching;Waterfall Safari;Others","4","Veg","Hotel Shree Pure Veg;Popsicles Cafe","4","3","5","","YES"
"2023/10/10 10:53:59 PM GMT+5:30","21","FEMALE","Nagpur ","Vacation","Solo","Picnic House","2000-3000","Swimming pool;Gym;Lobby and Bar;Restrauant;Room service and Wifi;Spa;Game room","5","Private Vehicle - Four Wheeler","One","Winter","1","Christ (Deemed to be University) , Pune Lavasa Campus;Lingya Waterfalls;Temghar Dam;Town Hall;Dasve Viewpoint;Lavasa Lake;Mulshi Lake","Trackless Train;Water sport;Trekking;Bird Watching;Waterfall Safari","4","Non-Veg","Hotel Ashrirwad;Hotel Yuvraj;Hotel Shree Pure Veg;American Dinners;College Canteens","4","4","4","","YES"
"2023/10/10 11:02:17 PM GMT+5:30","18","MALE","Jodhpur ","Student","Couple","Private Apartments","5000 above","Swimming pool;Gym;Lobby and Bar;Restrauant;Room service and Wifi;Spa;Game room","5","Private Vehicle - Four Wheeler","More than two","Monsoon","4","Christ (Deemed to be University) , Pune Lavasa Campus;Lingya Waterfalls;Temghar Dam;Town Hall;Dasve Viewpoint;Lavasa Lake;Mulshi Lake","Trackless Train;Water sport;Trekking;Bird Watching;Waterfall Safari;Others","5","Non-Veg","Hotel Ashrirwad;Hotel Garava;Hotel Yuvraj;Hotel Shree Pure Veg;Popsicles Cafe;Hotel Sai;College Canteens;Spyce Lounge & Bar;Others","4","4","4","College ","NO"
"2023/10/10 11:03:02 PM GMT+5:30","20","FEMALE","Nagpur","Student","Group","Picnic House","2000-3000","Swimming pool;Gym;Lobby and Bar;Restrauant;Room service and Wifi;Spa;Game room","5","Bus","More than two","Winter","1","Christ (Deemed to be University) , Pune Lavasa Campus;Lingya Waterfalls;Temghar Dam;Town Hall;Dasve Viewpoint;Lavasa Lake;Mulshi Lake","Trackless Train;Water sport;Trekking;Bird Watching;Waterfall Safari;Others","5","Veg","Others","3","3","4","","YES"
"2023/10/10 11:08:34 PM GMT+5:30","20","FEMALE","Nagpur ","Vacation","Group","Picnic House","2000-3000","Room service and Wifi","5","Private Vehicle - Two Wheeler","More than two","Winter","1","Christ (Deemed to be University) , Pune Lavasa Campus","Trackless Train;Water sport","1","Non-Veg","Others","4","5","5","","YES"
"2023/10/10 11:15:35 PM GMT+5:30","23","MALE","Narkhed ","Student","Group","Picnic House","2000-3000","Swimming pool;Lobby and Bar;Restrauant;Game room","2","Bus","One","Monsoon","1","Christ (Deemed to be University) , Pune Lavasa Campus;Lingya Waterfalls;Temghar Dam;Town Hall;Dasve Viewpoint;Lavasa Lake;Mulshi Lake","Trackless Train;Water sport;Trekking;Bird Watching;Waterfall Safari;Others","5","Veg","Others","3","3","3","","YES"
"2023/10/10 11:18:53 PM GMT+5:30","21","MALE","PATNA","Student","Solo","Picnic House","2000-3000","Swimming pool;Gym;Lobby and Bar","5","Bus","One","Winter","5","Christ (Deemed to be University) , Pune Lavasa Campus;Temghar Dam;Lavasa Lake","Trackless Train;Water sport","5","Veg","Hotel Ashrirwad;American Dinners","5","5","5","ALL GOOD","YES"
"2023/10/10 11:20:55 PM GMT+5:30","20","FEMALE","Nagpur ","Student","Group","Private Apartments","4000-5000","Lobby and Bar;Restrauant;Room service and Wifi","4","Private Vehicle - Four Wheeler","One","Monsoon","4","Lingya Waterfalls;Town Hall;Dasve Viewpoint;Lavasa Lake","Others","3","Non-Veg","Hotel Ashrirwad;Hotel Shree Pure Veg","3","3","3","","YES"
"2023/10/10 11:22:36 PM GMT+5:30","23","FEMALE","Hyderabad ","Vacation","Couple","Private Apartments","3000-4000","Swimming pool;Gym;Lobby and Bar;Restrauant;Room service and Wifi;Spa;Game room","4","Private Vehicle - Four Wheeler","More than two","Winter","3","Christ (Deemed to be University) , Pune Lavasa Campus;Temghar Dam;Town Hall;Lavasa Lake;Mulshi Lake","Water sport;Trekking;Waterfall Safari;Others","3","Non-Veg","Others","5","3","4","",""
"2023/10/10 11:23:56 PM GMT+5:30","20","MALE","Kolkata","Vacation","Group","Antariksh","3000-4000","Gym;Lobby and Bar;Restrauant;Room service and Wifi;Spa","3","Private Vehicle - Four Wheeler","Two","Winter","3","Temghar Dam;Town Hall;Dasve Viewpoint","Trekking;Bird Watching","3","Non-Veg","Hotel Ashrirwad;Hotel Yuvraj;American Dinners;Hotel Sai;Spyce Lounge & Bar","3","4","4","","YES"
"2023/10/10 11:24:13 PM GMT+5:30","23","MALE","Nagpur ","Vacation","Couple","Picnic House","5000 above","Swimming pool;Gym;Lobby and Bar;Spa","1","Private Vehicle - Four Wheeler","One","Winter","2","Christ (Deemed to be University) , Pune Lavasa Campus;Lingya Waterfalls;Dasve Viewpoint;Lavasa Lake","Water sport;Trekking","2","Veg","Others","2","1","1","","NO"
"2023/10/10 11:26:11 PM GMT+5:30","18","FEMALE","Nagpur ","Student","Solo","Celebrations","5000 above","Room service and Wifi","2","Cab","One","Monsoon","3","Christ (Deemed to be University) , Pune Lavasa Campus;Town Hall;Dasve Viewpoint;Lavasa Lake","Trekking","3","Veg","Hotel Yuvraj;Hotel Shree Pure Veg;College Canteens","3","3","2","","NO"
"2023/10/10 11:28:17 PM GMT+5:30","20","MALE","Nagpur ","Vacation","Group","Celebrations","5000 above","Gym;Restrauant;Game room","4","Private Vehicle - Four Wheeler","One","Monsoon","3","Christ (Deemed to be University) , Pune Lavasa Campus;Town Hall;Lavasa Lake","Trekking;Bird Watching;Waterfall Safari","3","Veg","Popsicles Cafe;College Canteens","3","3","3","","YES"
"2023/10/10 11:29:36 PM GMT+5:30","21","FEMALE","Nagpur","Student","Group","Private Apartments","3000-4000","Restrauant","3","Bus","One","Winter","3","Lingya Waterfalls;Town Hall;Dasve Viewpoint;Lavasa Lake","Trekking;Bird Watching;Waterfall Safari","4","Veg","Others","4","3","4","Yes","YES"
"2023/10/10 11:40:27 PM GMT+5:30","20","FEMALE","Nagpur","Student","Solo","Private Apartments","2000-3000","Room service and Wifi","1","Private Vehicle - Four Wheeler","Two","Monsoon","1","Town Hall","Trekking","1","Veg","Popsicles Cafe","1","1","","",""
"2023/10/10 11:44:16 PM GMT+5:30","37","FEMALE","Aurangabad","Vacation","Family","Private Apartments","5000 above","Swimming pool;Gym;Lobby and Bar;Restrauant;Room service and Wifi","5","Private Vehicle - Four Wheeler","One","Winter","1","Christ (Deemed to be University) , Pune Lavasa Campus;Lingya Waterfalls;Temghar Dam;Town Hall;Dasve Viewpoint;Lavasa Lake;Mulshi Lake","Trackless Train;Water sport;Trekking;Bird Watching;Waterfall Safari;Others","5","Veg","Hotel Ashrirwad","3","5","5","","YES"
"2023/10/11 1:25:29 AM GMT+5:30","21","FEMALE","Kolkata","Vacation","Family","Picnic House","2000-3000","Swimming pool;Restrauant;Room service and Wifi","5","Private Vehicle - Four Wheeler","Two","Winter","1","Christ (Deemed to be University) , Pune Lavasa Campus;Lingya Waterfalls;Temghar Dam","Trackless Train;Trekking","4","Non-Veg","Hotel Yuvraj;Hotel Shree Pure Veg","5","4","4","","YES"
"2023/10/11 2:55:42 AM GMT+5:30","22","MALE","Mumbai","Vacation","Solo","Ekaant","2000-3000","Lobby and Bar;Restrauant;Room service and Wifi","4","Private Vehicle - Four Wheeler","One","Summer","4","Lingya Waterfalls;Temghar Dam;Dasve Viewpoint;Lavasa Lake;Mulshi Lake","Water sport;Trekking;Bird Watching;Waterfall Safari","4","Non-Veg","Hotel Garava;Hotel Yuvraj;Hotel Shree Pure Veg;American Dinners;Popsicles Cafe;Hotel Sai;College Canteens","3","4","4","","YES"
"2023/10/11 6:56:52 AM GMT+5:30","18","FEMALE","Gurugram","Student","Solo","Celebrations","2000-3000","Lobby and Bar;Game room","4","Private Vehicle - Four Wheeler","Two","Autumn","4","Christ (Deemed to be University) , Pune Lavasa Campus;Town Hall;Lavasa Lake","Others","3","Veg","Hotel Shree Pure Veg;College Canteens","3","4","3","Build a mall here ","YES"
"2023/10/11 10:07:18 AM GMT+5:30","29","FEMALE","Kolkata","Vacation","Family","Antariksh","5000 above","Restrauant;Room service and Wifi","4","Private Vehicle - Four Wheeler","One","Monsoon","4","Christ (Deemed to be University) , Pune Lavasa Campus;Dasve Viewpoint","Waterfall Safari","4","Veg","Hotel Shree Pure Veg","3","4","4","","YES"
"2023/10/11 10:35:02 AM GMT+5:30","22","MALE","Gwalior","Student","Solo","Private Apartments","3000-4000","Restrauant","2","Cab","More than two","Monsoon","2","Christ (Deemed to be University) , Pune Lavasa Campus;Lingya Waterfalls;Town Hall;Lavasa Lake","Trackless Train","1","Veg","Hotel Ashrirwad;Hotel Garava;Hotel Yuvraj;Hotel Shree Pure Veg;American Dinners;Popsicles Cafe;Hotel Sai;College Canteens;Spyce Lounge & Bar","2","1","2","There should be more transportation facilities available","NO"
"2023/10/11 10:46:52 AM GMT+5:30","22","MALE","Shimoga","Student","Couple","Private Apartments","2000-3000","Room service and Wifi","3","Private Vehicle - Two Wheeler","One","Summer","3","Christ (Deemed to be University) , Pune Lavasa Campus;Lavasa Lake","Others","2","Non-Veg","Hotel Yuvraj","2","2","2","","NO"
"2023/10/11 10:47:22 AM GMT+5:30","22","MALE","Kolkata","Vacation","Couple","Private Apartments","2000-3000","Restrauant;Room service and Wifi;Spa;Game room","5","Private Vehicle - Four Wheeler","Two","Winter","5","Christ (Deemed to be University) , Pune Lavasa Campus","Waterfall Safari","5","Veg","Hotel Shree Pure Veg","3","5","5","","YES"
"2023/10/11 10:51:38 AM GMT+5:30","22","FEMALE","Kerala, Palakkad ","Student","Solo","Picnic House","3000-4000","Restrauant","1","Cab","One","Monsoon","5","Christ (Deemed to be University) , Pune Lavasa Campus;Dasve Viewpoint;Lavasa Lake","Trekking","4","Non-Veg","Hotel Yuvraj;College Canteens","4","4","2","",""
"2023/10/11 10:54:02 AM GMT+5:30","22","MALE","Kolkata ","Student","Family","Picnic House","2000-3000","Restrauant;Room service and Wifi","3","Cab","One","Monsoon","2","Christ (Deemed to be University) , Pune Lavasa Campus;Lingya Waterfalls;Town Hall;Lavasa Lake","Trackless Train","5","Non-Veg","Hotel Ashrirwad;Hotel Garava;Hotel Yuvraj;Hotel Shree Pure Veg;Popsicles Cafe;Hotel Sai;College Canteens","3","4","5","","YES"
"2023/10/11 11:46:41 AM GMT+5:30","20","FEMALE","kolkata","Student","Solo","Celebrations","2000-3000","Room service and Wifi","3","Private Vehicle - Four Wheeler","More than two","Winter","4","Christ (Deemed to be University) , Pune Lavasa Campus;Lingya Waterfalls;Temghar Dam;Town Hall;Dasve Viewpoint;Lavasa Lake","Trekking;Waterfall Safari","5","Non-Veg","Hotel Ashrirwad;Hotel Yuvraj;Hotel Shree Pure Veg;Hotel Sai;College Canteens","3","3","3","","YES"
"2023/10/11 11:47:36 AM GMT+5:30","22","FEMALE","Thrissur ","Student","Solo","Celebrations","2000-3000","Room service and Wifi","1","Private Vehicle - Four Wheeler","One","Monsoon","3","Christ (Deemed to be University) , Pune Lavasa Campus;Dasve Viewpoint;Lavasa Lake","Others","2","Non-Veg","Hotel Yuvraj","5","2","2","","NO"
"2023/10/11 11:50:18 AM GMT+5:30","25","FEMALE","kolkats","Student","Solo","Private Apartments","2000-3000","Room service and Wifi","4","Cab","One","Monsoon","3","Christ (Deemed to be University) , Pune Lavasa Campus;Lingya Waterfalls","Trekking","4","Non-Veg","Hotel Garava;Hotel Yuvraj;Popsicles Cafe;College Canteens","3","3","4","yes","YES"
"2023/10/11 11:54:44 AM GMT+5:30","21","FEMALE","Kolkata","Student","Group","Ekaant","3000-4000","Swimming pool;Gym;Restrauant;Room service and Wifi","3","Private Vehicle - Four Wheeler","One","Winter","3","Christ (Deemed to be University) , Pune Lavasa Campus;Lingya Waterfalls;Lavasa Lake","Water sport;Waterfall Safari","3","Veg","Spyce Lounge & Bar","3","3","3","NA","YES"
"2023/10/11 12:13:58 PM GMT+5:30","21","FEMALE","Nagpur ","Student","Group","Picnic House","2000-3000","Swimming pool;Restrauant;Room service and Wifi;Game room","5","Private Vehicle - Four Wheeler","One","Summer","3","Christ (Deemed to be University) , Pune Lavasa Campus","Waterfall Safari;Others","4","Non-Veg","Others","4","3","4","","YES"
"2023/10/11 12:29:07 PM GMT+5:30","22","MALE","Nanded","Business","Group","Ekaant","2000-3000","Swimming pool;Gym","5","Private Vehicle - Two Wheeler","More than two","Winter","1","Christ (Deemed to be University) , Pune Lavasa Campus","Waterfall Safari","1","Non-Veg","Hotel Shree Pure Veg","1","5","5","Nice service ","YES"
"2023/10/11 12:42:30 PM GMT+5:30","21","MALE","Kolkata ","Business","Solo","Private Apartments","2000-3000","Lobby and Bar;Restrauant;Room service and Wifi","3","Bus","One","Autumn","4","Lingya Waterfalls;Temghar Dam;Dasve Viewpoint","Trackless Train;Water sport;Trekking;Bird Watching;Waterfall Safari","4","Veg","Hotel Shree Pure Veg;American Dinners;Popsicles Cafe;Others","4","4","4","","YES"
"2023/10/11 1:30:57 PM GMT+5:30","21","MALE","Kannur","Student","Solo","Private Apartments","3000-4000","Gym","3","Cab","One","Monsoon","5","Christ (Deemed to be University) , Pune Lavasa Campus;Town Hall;Lavasa Lake","Trekking;Waterfall Safari","3","Non-Veg","Hotel Ashrirwad;Hotel Garava;Hotel Yuvraj;Hotel Sai;College Canteens","3","3","3","","NO"
"2023/10/11 1:45:24 PM GMT+5:30","19","MALE","Ranchi ","Student","Solo","Private Apartments","2000-3000","Swimming pool;Gym;Lobby and Bar;Restrauant;Room service and Wifi;Spa","3","Private Vehicle - Four Wheeler","More than two","Winter","3","Lingya Waterfalls;Temghar Dam;Dasve Viewpoint;Lavasa Lake","Water sport;Trekking;Bird Watching","2","Non-Veg","Hotel Ashrirwad;Hotel Garava;Hotel Yuvraj;Hotel Shree Pure Veg;Popsicles Cafe;Hotel Sai;College Canteens;Spyce Lounge & Bar;Others","4","2","2","","YES"
"2023/10/11 3:14:38 PM GMT+5:30","20","MALE","Kolkata ","Student","Couple","Picnic House","4000-5000","Swimming pool;Lobby and Bar;Room service and Wifi;Game room","4","Private Vehicle - Four Wheeler","One","Winter","4","Christ (Deemed to be University) , Pune Lavasa Campus;Temghar Dam;Dasve Viewpoint;Mulshi Lake","Trackless Train;Trekking;Waterfall Safari","4","Non-Veg","Hotel Ashrirwad;Hotel Yuvraj;American Dinners;Hotel Sai;Spyce Lounge & Bar","4","4","4","","YES"
"2023/10/11 3:16:16 PM GMT+5:30","20","MALE","Kolkata ","Others","Solo","Antariksh","3000-4000","Gym;Restrauant;Spa","4","Private Vehicle - Two Wheeler","Two","Autumn","3","Lingya Waterfalls;Town Hall;Lavasa Lake","Water sport;Bird Watching;Others","4","Non-Veg","Hotel Garava;Hotel Shree Pure Veg;Popsicles Cafe;College Canteens;Others","4","4","3","","YES"
"2023/10/11 3:17:58 PM GMT+5:30","20","MALE","Kolkata ","Vacation","Family","Celebrations","4000-5000","Swimming pool;Lobby and Bar;Room service and Wifi;Game room","3","Bus","One","Summer","3","Christ (Deemed to be University) , Pune Lavasa Campus;Temghar Dam;Dasve Viewpoint;Mulshi Lake","Trackless Train;Trekking;Waterfall Safari","4","Non-Veg","Hotel Ashrirwad;Hotel Yuvraj;American Dinners;Hotel Sai;Spyce Lounge & Bar","4","4","4","","YES"
"2023/10/11 3:50:55 PM GMT+5:30","21","MALE","Nagpur ","Others","Solo","Picnic House","2000-3000","Swimming pool;Restrauant","3","Private Vehicle - Four Wheeler","One","Winter","3","Lingya Waterfalls;Temghar Dam;Town Hall;Dasve Viewpoint;Lavasa Lake","Water sport;Bird Watching;Waterfall Safari","4","Veg","Hotel Ashrirwad;Hotel Yuvraj;Hotel Sai","2","3","4","","YES"
"2023/10/11 3:56:53 PM GMT+5:30","21","MALE","Kolkata","Student","Solo","Picnic House","4000-5000","Room service and Wifi","2","Cab","One","Monsoon","3","Christ (Deemed to be University) , Pune Lavasa Campus;Town Hall;Dasve Viewpoint;Lavasa Lake","Others","2","Non-Veg","Hotel Ashrirwad;Hotel Garava;Hotel Yuvraj;Hotel Shree Pure Veg;Popsicles Cafe;Hotel Sai;College Canteens","4","4","4","","YES"
"2023/10/11 4:07:14 PM GMT+5:30","19","MALE","Kolkata ","Vacation","Solo","Picnic House","2000-3000","Gym","4","Bus","One","Winter","3","Lingya Waterfalls;Lavasa Lake;Mulshi Lake","Water sport;Trekking;Bird Watching;Waterfall Safari","4","Non-Veg","Hotel Ashrirwad;Hotel Shree Pure Veg;Others","3","4","4","","YES"
"2023/10/11 4:29:31 PM GMT+5:30","22 ","MALE","Kerala ","Student","Group","Celebrations","2000-3000","Room service and Wifi","3","Cab","More than two","Monsoon","3","Christ (Deemed to be University) , Pune Lavasa Campus;Lingya Waterfalls;Town Hall;Dasve Viewpoint;Lavasa Lake","Trekking","4","Non-Veg","Hotel Ashrirwad;Hotel Garava;Hotel Yuvraj;College Canteens","3","3","4","Network ","YES"
"2023/10/11 4:30:18 PM GMT+5:30","21","MALE","Kerala, Thrissur ","Student","Solo","Private Apartments","3000-4000","Restrauant","3","Private Vehicle - Four Wheeler","One","Monsoon","3","Christ (Deemed to be University) , Pune Lavasa Campus;Lingya Waterfalls;Town Hall;Dasve Viewpoint;Lavasa Lake","Water sport;Trekking;Waterfall Safari","3","Veg","Hotel Yuvraj;Hotel Shree Pure Veg;Hotel Sai;College Canteens","3","2","3","","YES"
"2023/10/11 4:30:26 PM GMT+5:30","21","MALE","Thrissur ","Student","Solo","Celebrations","3000-4000","Room service and Wifi","5","Cab","Two","Winter","4","Christ (Deemed to be University) , Pune Lavasa Campus;Lingya Waterfalls;Lavasa Lake","Trekking;Bird Watching;Others","4","Non-Veg","Hotel Shree Pure Veg;Others","4","5","4","","NO"
"2023/10/11 4:31:38 PM GMT+5:30","19","MALE","Nashik","Student","Solo","Ekaant","5000 above","Lobby and Bar;Restrauant;Room service and Wifi;Game room","4","Private Vehicle - Four Wheeler","More than two","Monsoon","3","Christ (Deemed to be University) , Pune Lavasa Campus;Town Hall;Dasve Viewpoint;Lavasa Lake","Water sport","3","Veg","Hotel Ashrirwad;Hotel Garava;Hotel Yuvraj;Hotel Shree Pure Veg;American Dinners;Popsicles Cafe;Hotel Sai;Others","2","3","4","","YES"
"2023/10/11 4:43:51 PM GMT+5:30","21","MALE","Kolkata ","Student","Solo","Picnic House","4000-5000","Swimming pool;Gym;Lobby and Bar;Restrauant;Room service and Wifi;Spa;Game room","5","Private Vehicle - Four Wheeler","More than two","Summer","5","Christ (Deemed to be University) , Pune Lavasa Campus;Lingya Waterfalls;Temghar Dam;Town Hall;Dasve Viewpoint;Lavasa Lake;Mulshi Lake","Trackless Train;Water sport;Trekking;Bird Watching;Waterfall Safari;Others","5","Non-Veg","Hotel Ashrirwad;Hotel Garava;Hotel Yuvraj;Hotel Shree Pure Veg;American Dinners;Popsicles Cafe;Hotel Sai;College Canteens;Spyce Lounge & Bar;Others","5","5","5","","NO"
"2023/10/11 4:44:38 PM GMT+5:30","22","FEMALE","Kolkata ","Student","Solo","Ekaant","2000-3000","Swimming pool;Gym","2","Cab","One","Monsoon","4","Christ (Deemed to be University) , Pune Lavasa Campus;Lingya Waterfalls;Dasve Viewpoint;Lavasa Lake;Mulshi Lake","Others","3","Veg","Popsicles Cafe;College Canteens","3","3","2","Yes","YES"
"2023/10/11 4:53:41 PM GMT+5:30","24","MALE","Khowai ","Business","Solo","Picnic House","2000-3000","Swimming pool","1","Private Vehicle - Two Wheeler","One","Summer","1","Temghar Dam","Trackless Train","1","Non-Veg","Hotel Ashrirwad","1","1","1","","YES"
"2023/10/11 5:13:54 PM GMT+5:30","43","MALE","Uttrakhand ","Others","Family","Celebrations","3000-4000","Lobby and Bar;Restrauant;Room service and Wifi;Game room","5","Cab","More than two","Monsoon","5","Christ (Deemed to be University) , Pune Lavasa Campus;Town Hall;Dasve Viewpoint;Lavasa Lake","Trackless Train;Water sport;Trekking;Bird Watching;Waterfall Safari;Others","5","Veg","Others","3","5","5","Sum more activities ","YES"
"2023/10/11 5:16:41 PM GMT+5:30","18","FEMALE","Dubai","Student","Family","Antariksh","5000 above","Swimming pool;Restrauant;Room service and Wifi","3","Private Vehicle - Four Wheeler","More than two","Monsoon","4","Christ (Deemed to be University) , Pune Lavasa Campus;Temghar Dam;Town Hall;Dasve Viewpoint;Lavasa Lake","Trackless Train;Trekking","4","Non-Veg","Hotel Ashrirwad;Hotel Garava;Hotel Yuvraj;Hotel Shree Pure Veg;American Dinners;Popsicles Cafe;Hotel Sai;College Canteens;Spyce Lounge & Bar","4","2","2","Better food with reduced oil. More developments required, a place with great potential not completely utilized","YES"
"2023/10/11 5:56:36 PM GMT+5:30","22","MALE","Nagpur ","Vacation","Family","Private Apartments","3000-4000","Swimming pool;Gym;Lobby and Bar;Restrauant;Room service and Wifi","3","Private Vehicle - Four Wheeler","One","Summer","2","Temghar Dam;Town Hall;Lavasa Lake","Trackless Train;Water sport;Others","4","Veg","Hotel Ashrirwad;Others","4","4","4","","YES"
"2023/10/11 6:08:44 PM GMT+5:30","22","FEMALE","Kolkata","Others","Solo","Ekaant","3000-4000","Swimming pool;Gym;Lobby and Bar;Restrauant;Room service and Wifi","4","Cab","One","Monsoon","4","Christ (Deemed to be University) , Pune Lavasa Campus;Lingya Waterfalls;Temghar Dam;Town Hall;Dasve Viewpoint;Lavasa Lake;Mulshi Lake","Trackless Train;Water sport;Trekking;Bird Watching;Waterfall Safari;Others","4","Veg","Popsicles Cafe","3","3","4","","YES"
"2023/10/11 6:28:18 PM GMT+5:30","19","MALE","Bhopal ","Student","Solo","Private Apartments","3000-4000","Room service and Wifi","1","Private Vehicle - Four Wheeler","One","Monsoon","2","Christ (Deemed to be University) , Pune Lavasa Campus;Temghar Dam;Town Hall;Lavasa Lake","Others","4","Veg","Hotel Ashrirwad;Hotel Garava;Hotel Yuvraj;Hotel Shree Pure Veg;Popsicles Cafe;Hotel Sai;College Canteens","3","3","3","Food quality, taste","YES"
"2023/10/11 6:28:59 PM GMT+5:30","21","FEMALE","Kolkata ","Vacation","Family","Picnic House","3000-4000","Room service and Wifi","3","Bus","One","Autumn","3","Lingya Waterfalls;Dasve Viewpoint;Lavasa Lake;Mulshi Lake","Water sport;Trekking;Bird Watching;Waterfall Safari","4","Non-Veg","American Dinners;Popsicles Cafe","4","3","4","","YES"
"2023/10/11 6:35:35 PM GMT+5:30","21","MALE","Kolkata ","Vacation","Group","Celebrations","3000-4000","Swimming pool;Lobby and Bar;Restrauant;Room service and Wifi","4","Cab","One","Autumn","2","Christ (Deemed to be University) , Pune Lavasa Campus;Lingya Waterfalls;Town Hall;Lavasa Lake","Trackless Train;Bird Watching;Waterfall Safari","5","Non-Veg","Hotel Ashrirwad;Hotel Yuvraj;American Dinners;Hotel Sai","3","4","5","","YES"
"2023/10/11 6:37:01 PM GMT+5:30","21","FEMALE","Jeypore ","Student","Family","Celebrations","2000-3000","Restrauant;Game room","2","Cab","Two","Winter","4","Christ (Deemed to be University) , Pune Lavasa Campus;Temghar Dam;Town Hall;Dasve Viewpoint;Lavasa Lake;Mulshi Lake","Trackless Train;Water sport;Trekking;Bird Watching;Waterfall Safari;Others","4","Non-Veg","Hotel Garava;Hotel Yuvraj;American Dinners;Hotel Sai;College Canteens;Others","5","3","3","","YES"
"2023/10/11 6:39:12 PM GMT+5:30","22","MALE","Kolkata","Vacation","Solo","Picnic House","2000-3000","Restrauant;Room service and Wifi","4","Private Vehicle - Four Wheeler","One","Winter","3","Lingya Waterfalls;Temghar Dam;Town Hall;Dasve Viewpoint;Lavasa Lake;Mulshi Lake","Trekking;Bird Watching;Waterfall Safari","5","Non-Veg","Others","3","4","3","","YES"
"2023/10/11 6:40:25 PM GMT+5:30","30","FEMALE","Kalmeshawar ","Vacation","Couple","Picnic House","3000-4000","Swimming pool;Gym;Lobby and Bar;Restrauant;Room service and Wifi","3","Private Vehicle - Four Wheeler","Two","Winter","3","Christ (Deemed to be University) , Pune Lavasa Campus;Lingya Waterfalls;Temghar Dam;Town Hall;Lavasa Lake","Trackless Train;Water sport;Trekking;Bird Watching;Waterfall Safari;Others","4","Non-Veg","Hotel Ashrirwad;Hotel Yuvraj;Hotel Shree Pure Veg;College Canteens;Spyce Lounge & Bar","3","3","3","","YES"
"2023/10/11 6:42:16 PM GMT+5:30","23","MALE","Soaner ","Vacation;Student","Family","Picnic House","2000-3000","Swimming pool;Gym;Lobby and Bar;Restrauant;Room service and Wifi","2","Bus","More than two","Winter","4","Christ (Deemed to be University) , Pune Lavasa Campus;Lingya Waterfalls;Temghar Dam;Town Hall;Dasve Viewpoint;Lavasa Lake","Trackless Train;Water sport;Trekking;Bird Watching;Waterfall Safari;Others","4","Veg","Hotel Ashrirwad;Hotel Garava;Hotel Yuvraj;Hotel Shree Pure Veg;American Dinners;Popsicles Cafe;College Canteens;Spyce Lounge & Bar","3","4","4","","YES"
"2023/10/11 6:44:10 PM GMT+5:30","27","MALE","IT Park, Nagpur ","Vacation;Student","Family","Picnic House","3000-4000","Swimming pool;Gym;Restrauant;Room service and Wifi;Game room","3","Bus","More than two","Winter","4","Christ (Deemed to be University) , Pune Lavasa Campus;Lingya Waterfalls;Temghar Dam;Town Hall;Dasve Viewpoint;Lavasa Lake;Mulshi Lake","Trackless Train;Water sport;Trekking;Bird Watching;Waterfall Safari","4","Veg","Hotel Garava;Hotel Yuvraj;Hotel Shree Pure Veg;American Dinners;Hotel Sai;College Canteens","4","3","2","","YES"
"2023/10/11 6:52:40 PM GMT+5:30","21","MALE","assam","Vacation","Solo","Ekaant","2000-3000","Game room","5","Private Vehicle - Two Wheeler","One","Summer","1","Christ (Deemed to be University) , Pune Lavasa Campus","Trackless Train","5","Non-Veg","Hotel Yuvraj","1","5","5","nothing really ","YES"
"2023/10/11 7:20:53 PM GMT+5:30","18yrs 7 months","FEMALE","Chennai ","Student","Family","Picnic House","2000-3000","Room service and Wifi","2","Private Vehicle - Four Wheeler","One","Monsoon","4","Lavasa Lake","Others","5","Veg","Hotel Garava;Hotel Yuvraj;College Canteens;Others","5","3","5","","YES"
"2023/10/11 7:24:24 PM GMT+5:30","21","MALE","Kolkata","Vacation;Student","Group","Picnic House","2000-3000","Swimming pool;Gym;Restrauant;Room service and Wifi;Game room","5","Cab","One","Winter","5","Christ (Deemed to be University) , Pune Lavasa Campus;Lingya Waterfalls;Town Hall;Lavasa Lake;Mulshi Lake","Water sport;Trekking;Waterfall Safari;Others","5","Veg","Others","4","2","5","",""
"2023/10/11 7:36:33 PM GMT+5:30","19","FEMALE","Kolkata","Student","Family","Private Apartments","3000-4000","Gym;Lobby and Bar;Restrauant","4","Cab","More than two","Monsoon","3","Christ (Deemed to be University) , Pune Lavasa Campus;Town Hall;Dasve Viewpoint;Lavasa Lake;Mulshi Lake","Trekking;Bird Watching;Waterfall Safari","4","Non-Veg","Hotel Garava","4","4","4","lack of Medical facilities, Electronic shops,etc","YES"
"2023/10/11 7:59:59 PM GMT+5:30","27","FEMALE","Kolkata ","Vacation","Group","Ekaant","2000-3000","Swimming pool;Room service and Wifi","5","Private Vehicle - Four Wheeler","One","Monsoon","3","Christ (Deemed to be University) , Pune Lavasa Campus;Lingya Waterfalls;Temghar Dam;Town Hall;Dasve Viewpoint;Lavasa Lake;Mulshi Lake","Trackless Train;Trekking;Bird Watching","5","Veg","Hotel Yuvraj","4","3","4","","YES"
"2023/10/11 8:04:17 PM GMT+5:30","26","FEMALE","Kolkata","Vacation;Teacher","Group","Ekaant","3000-4000","Swimming pool;Lobby and Bar;Restrauant;Room service and Wifi","4","Private Vehicle - Four Wheeler","Two","Autumn","4","Lingya Waterfalls;Temghar Dam;Dasve Viewpoint;Lavasa Lake;Mulshi Lake","Water sport;Waterfall Safari;Others","3","Veg","Hotel Yuvraj;American Dinners;Popsicles Cafe;Spyce Lounge & Bar","4","4","4","","YES"
"2023/10/11 8:08:40 PM GMT+5:30","23","MALE","Kolkata ","Others","Solo","Private Apartments","3000-4000","Restrauant","3","Bus","One","Autumn","3","Temghar Dam;Dasve Viewpoint","Trackless Train;Trekking","4","Veg","Hotel Yuvraj","4","3","3","","YES"
"2023/10/11 8:15:17 PM GMT+5:30","26","FEMALE","Rourkela","Student","Solo","Private Apartments","2000-3000","Room service and Wifi","5","Bus","One","Summer","1","Town Hall","Others","5","Veg","Hotel Yuvraj","1","5","5","till not find","YES"
"2023/10/11 8:26:21 PM GMT+5:30","22","MALE","Noida","Vacation;Others","Solo","Private Apartments","2000-3000","Restrauant","3","Cab","One","Winter","2","Christ (Deemed to be University) , Pune Lavasa Campus;Lingya Waterfalls;Town Hall;Dasve Viewpoint;Lavasa Lake","Trackless Train;Trekking;Bird Watching","4","Veg","Hotel Ashrirwad;Hotel Shree Pure Veg;College Canteens","4","3","3","","NO"
"2023/10/11 9:13:27 PM GMT+5:30","28","MALE","Kolkata","Vacation","Group","Private Apartments","3000-4000","Swimming pool;Restrauant;Room service and Wifi;Spa;Game room","5","Private Vehicle - Four Wheeler","One","Winter","4","Christ (Deemed to be University) , Pune Lavasa Campus;Town Hall;Lavasa Lake","Trackless Train;Water sport;Trekking","5","Veg","Hotel Yuvraj","4","3","4","","YES"
"2023/10/11 9:28:09 PM GMT+5:30","26","MALE","Kolkata","Vacation","Group","Private Apartments","5000 above","Swimming pool;Gym;Lobby and Bar;Room service and Wifi;Spa;Game room","2","Private Vehicle - Four Wheeler","Two","Winter","4","Lingya Waterfalls;Temghar Dam;Town Hall;Lavasa Lake;Mulshi Lake","Water sport;Trekking","4","Veg","Hotel Shree Pure Veg","4","2","3","","NO"
"2023/10/11 9:43:27 PM GMT+5:30","26","FEMALE","Vadodara ","Student","Family","Celebrations","2000-3000","Restrauant","3","Private Vehicle - Four Wheeler","Two","Monsoon","3","Christ (Deemed to be University) , Pune Lavasa Campus","Trekking","3","Veg","Spyce Lounge & Bar","3","3","3","","YES"
"2023/10/11 9:43:36 PM GMT+5:30","21","FEMALE","Goa ","Student","Solo","Celebrations","2000-3000","Room service and Wifi","2","Private Vehicle - Four Wheeler","One","Monsoon","3","Christ (Deemed to be University) , Pune Lavasa Campus","Others","3","Non-Veg","Hotel Yuvraj","4","4","3","","YES"
"2023/10/11 10:11:43 PM GMT+5:30","20","MALE","Meerut ","Student","Solo","Private Apartments","2000-3000","Spa","1","Cab","Two","Autumn","1","Christ (Deemed to be University) , Pune Lavasa Campus;Town Hall;Dasve Viewpoint;Lavasa Lake;Mulshi Lake","Trackless Train;Water sport;Trekking;Bird Watching;Waterfall Safari;Others","2","Veg","Hotel Ashrirwad;Hotel Garava;Hotel Yuvraj;Hotel Shree Pure Veg;American Dinners;Popsicles Cafe;Hotel Sai;College Canteens;Spyce Lounge & Bar;Others","2","1","1","Better development ","YES"
"2023/10/11 11:54:04 PM GMT+5:30","21","FEMALE","Kolkata ","Student","Solo","Private Apartments","2000-3000","Room service and Wifi","5","Cab","One","Winter","5","Christ (Deemed to be University) , Pune Lavasa Campus;Lingya Waterfalls;Dasve Viewpoint;Lavasa Lake;Mulshi Lake","Bird Watching;Others","5","Non-Veg","Hotel Ashrirwad;Hotel Garava;Hotel Yuvraj;Popsicles Cafe;Hotel Sai","3","3","4","","YES"
"2023/10/12 12:12:18 AM GMT+5:30","30","FEMALE","Kolkata ","Vacation","Couple","Private Apartments","2000-3000","Restrauant;Room service and Wifi","4","Private Vehicle - Two Wheeler","One","Summer","1","Town Hall;Dasve Viewpoint;Lavasa Lake","Trackless Train;Water sport;Trekking","4","Veg","Hotel Shree Pure Veg","4","5","5","","YES"
"2023/10/12 12:53:30 AM GMT+5:30","17","MALE","Alappuzha ","Student","Solo","Celebrations","2000-3000","Restrauant;Spa;Game room","3","Cab","More than two","Monsoon","3","Christ (Deemed to be University) , Pune Lavasa Campus;Temghar Dam;Town Hall;Dasve Viewpoint;Lavasa Lake;Mulshi Lake","Water sport;Trekking;Waterfall Safari;Others","3","Non-Veg","Hotel Ashrirwad;Hotel Garava;Hotel Yuvraj;Hotel Shree Pure Veg;Popsicles Cafe;Hotel Sai;College Canteens;Spyce Lounge & Bar;Others","5","3","2","","YES"
"2023/10/12 12:56:11 AM GMT+5:30","18","FEMALE","Kochi","Student","Solo","Private Apartments","3000-4000","Room service and Wifi","5","Private Vehicle - Four Wheeler","Two","Monsoon","2","Christ (Deemed to be University) , Pune Lavasa Campus;Temghar Dam;Dasve Viewpoint","Trekking","4","Veg","Hotel Ashrirwad;Hotel Garava;Hotel Yuvraj;Hotel Shree Pure Veg;Hotel Sai;College Canteens","3","4","2","Can't express in words","YES"
"2023/10/12 9:42:25 AM GMT+5:30","21","FEMALE","Kolkata ","Vacation","Family","Picnic House","4000-5000","Lobby and Bar","3","Bus","One","Monsoon","3","Lavasa Lake","Water sport","3","Non-Veg","Hotel Yuvraj","3","3","3","","YES"
"2023/10/12 10:22:55 AM GMT+5:30","21","MALE","Ranchi","Student","Solo","Antariksh","5000 above","Restrauant","5","Bus","More than two","Monsoon","5","Christ (Deemed to be University) , Pune Lavasa Campus","Trekking","3","Non-Veg","Hotel Ashrirwad;Hotel Garava;Hotel Yuvraj;Hotel Shree Pure Veg;American Dinners;Popsicles Cafe;Hotel Sai;College Canteens;Spyce Lounge & Bar;Others","3","3","4","Get some food franchise, electronics shop","YES"
"2023/10/12 10:23:19 AM GMT+5:30","28","MALE","Kolkata","Business","Solo","Private Apartments","5000 above","Swimming pool;Gym;Lobby and Bar;Restrauant;Room service and Wifi;Spa;Game room","4","Private Vehicle - Four Wheeler","One","Summer","4","Lingya Waterfalls;Temghar Dam;Town Hall;Dasve Viewpoint;Lavasa Lake;Mulshi Lake","Bird Watching","3","Veg","Hotel Ashrirwad;Hotel Garava;Hotel Shree Pure Veg;American Dinners;Popsicles Cafe","4","4","4","","YES"
"2023/10/12 3:38:38 PM GMT+5:30","20","MALE","Mumbai ","Student","Solo","Private Apartments","2000-3000","Room service and Wifi","5","Bus","One","Winter","5","Christ (Deemed to be University) , Pune Lavasa Campus","Trackless Train","5","Veg","Hotel Sai","5","5","1","",""
"2023/10/12 3:39:32 PM GMT+5:30","21","MALE","Nilgiris","Student","Family","Private Apartments","3000-4000","Room service and Wifi","3","Cab","Two","Monsoon","2","Christ (Deemed to be University) , Pune Lavasa Campus;Temghar Dam;Town Hall;Lavasa Lake","Trekking;Bird Watching;Waterfall Safari","3","Non-Veg","Hotel Ashrirwad;Hotel Garava;Hotel Yuvraj;Hotel Shree Pure Veg;Popsicles Cafe;Hotel Sai;College Canteens;Spyce Lounge & Bar;Others","4","3","3","","YES"
"2023/10/12 3:40:50 PM GMT+5:30","19 ","MALE","Chennai ","Vacation;Business;Student","Solo","Private Apartments","2000-3000","Lobby and Bar","1","Cab","One","Winter","5","Lingya Waterfalls","Trekking","5","Non-Veg","Hotel Garava","3","4","3","","YES"
"2023/10/12 3:41:34 PM GMT+5:30","24","MALE","Coimbatore","Student","Solo","Private Apartments","2000-3000","Gym;Lobby and Bar;Room service and Wifi;Game room","3","Private Vehicle - Four Wheeler","More than two","Monsoon","3","Christ (Deemed to be University) , Pune Lavasa Campus;Town Hall;Dasve Viewpoint;Lavasa Lake","Bird Watching;Others","3","Non-Veg","Hotel Ashrirwad;Hotel Garava;Hotel Yuvraj;Hotel Shree Pure Veg;Popsicles Cafe;Hotel Sai;College Canteens;Spyce Lounge & Bar","3","3","3","Yes","YES"
"2023/10/12 3:57:51 PM GMT+5:30","37","FEMALE","Kolkata ","Vacation","Family","Antariksh","4000-5000","Restrauant;Room service and Wifi","4","Private Vehicle - Four Wheeler","One","Monsoon","4","Lingya Waterfalls;Town Hall;Lavasa Lake","Waterfall Safari","4","Non-Veg","American Dinners;College Canteens","4","4","4","","YES"
"2023/10/12 4:05:55 PM GMT+5:30","29","MALE","Mumbai ","Vacation","Solo","Private Apartments","4000-5000","Swimming pool;Gym;Lobby and Bar;Restrauant;Room service and Wifi;Spa;Game room","3","Private Vehicle - Four Wheeler","One","Winter","3","Christ (Deemed to be University) , Pune Lavasa Campus;Lingya Waterfalls;Temghar Dam;Town Hall;Dasve Viewpoint;Lavasa Lake;Mulshi Lake","Trackless Train;Water sport;Trekking;Bird Watching;Waterfall Safari","3","Veg","Hotel Yuvraj;Hotel Shree Pure Veg;American Dinners;Popsicles Cafe","3","3","3","","YES"
"2023/10/12 4:07:09 PM GMT+5:30","54","MALE","Kolkata ","Vacation","Family","Picnic House","2000-3000","Restrauant;Room service and Wifi","5","Bus","One","Autumn","4","Christ (Deemed to be University) , Pune Lavasa Campus;Lingya Waterfalls;Temghar Dam;Town Hall;Dasve Viewpoint;Lavasa Lake;Mulshi Lake","Trackless Train;Waterfall Safari","5","Non-Veg","Hotel Yuvraj;Hotel Sai","4","4","5","","YES"
"2023/10/12 4:32:46 PM GMT+5:30","36","MALE","Kolkata ","Others","Family","Picnic House","2000-3000","Restrauant;Room service and Wifi","4","Private Vehicle - Four Wheeler","One","Winter","4","Christ (Deemed to be University) , Pune Lavasa Campus","Bird Watching;Waterfall Safari;Others","4","Veg","Hotel Shree Pure Veg","3","3","3","","YES"
"2023/10/12 4:33:09 PM GMT+5:30","22","FEMALE","Meerut","Student","Solo","Celebrations","4000-5000","Lobby and Bar;Restrauant;Room service and Wifi","3","Cab","One","Monsoon","3","Christ (Deemed to be University) , Pune Lavasa Campus;Lingya Waterfalls;Temghar Dam;Town Hall;Dasve Viewpoint;Lavasa Lake;Mulshi Lake","Trekking","3","Veg","Hotel Ashrirwad;Hotel Garava;Hotel Yuvraj;Hotel Shree Pure Veg;Popsicles Cafe;Hotel Sai;College Canteens;Spyce Lounge & Bar","5","3","3","","NO"
"2023/10/12 4:44:20 PM GMT+5:30","22","MALE","Chennai","Student","Solo","Private Apartments","2000-3000","Room service and Wifi","3","Bus","More than two","Winter","3","Christ (Deemed to be University) , Pune Lavasa Campus;Town Hall;Dasve Viewpoint;Lavasa Lake","Others","3","Non-Veg","Hotel Ashrirwad;Hotel Garava;Hotel Yuvraj;Popsicles Cafe;Hotel Sai;College Canteens;Spyce Lounge & Bar;Others","3","3","2","","NO"
"2023/10/12 4:48:26 PM GMT+5:30","20","MALE","Kanput","Vacation;Student","Group","Celebrations","3000-4000","Swimming pool;Gym;Lobby and Bar;Restrauant;Room service and Wifi;Spa;Game room","2","Private Vehicle - Four Wheeler","Two","Autumn","3","Lingya Waterfalls;Temghar Dam;Town Hall;Dasve Viewpoint","Trekking;Bird Watching;Waterfall Safari","3","Veg","Hotel Ashrirwad;Hotel Garava;Hotel Yuvraj;Hotel Sai;College Canteens","3","3","3","Just improve mob handling during peak seasons","YES"
"2023/10/12 4:50:57 PM GMT+5:30","20","FEMALE","Meerut","Vacation","Family","Picnic House","3000-4000","Swimming pool;Gym;Restrauant;Room service and Wifi;Spa","4","Cab","One","Summer","4","Lingya Waterfalls;Town Hall;Lavasa Lake","Trackless Train;Water sport;Waterfall Safari","5","Veg","Hotel Yuvraj;Spyce Lounge & Bar","5","5","5","Not Any","YES"
"2023/10/12 4:51:36 PM GMT+5:30","21","MALE","Meerut","Vacation","Group","Private Apartments","3000-4000","Swimming pool;Gym;Restrauant;Room service and Wifi","5","Private Vehicle - Four Wheeler","One","Summer","5","Christ (Deemed to be University) , Pune Lavasa Campus;Lingya Waterfalls;Temghar Dam;Town Hall;Dasve Viewpoint;Lavasa Lake;Mulshi Lake","Trackless Train;Water sport;Trekking;Bird Watching;Waterfall Safari","5","Non-Veg","Hotel Yuvraj","4","5","5","NIL","YES"
"2023/10/12 4:56:03 PM GMT+5:30","21","FEMALE","Bareilly ","Vacation","Family","Antariksh","3000-4000","Swimming pool;Gym;Room service and Wifi","3","Private Vehicle - Four Wheeler","One","Summer","3","Christ (Deemed to be University) , Pune Lavasa Campus;Town Hall;Lavasa Lake","Bird Watching;Waterfall Safari","4","Veg","Hotel Shree Pure Veg;Hotel Sai;College Canteens;Spyce Lounge & Bar","3","3","4","","YES"
"2023/10/12 6:05:56 PM GMT+5:30","31","MALE","Mumbai","Vacation","Group","Celebrations","3000-4000","Swimming pool;Restrauant;Room service and Wifi;Game room","4","Private Vehicle - Four Wheeler","One","Winter","4","Christ (Deemed to be University) , Pune Lavasa Campus;Lingya Waterfalls;Temghar Dam;Town Hall;Dasve Viewpoint;Lavasa Lake","Water sport;Trekking;Waterfall Safari","4","Veg","Hotel Yuvraj;American Dinners;Hotel Sai;College Canteens","4","3","4","","YES"
"2023/10/12 6:22:40 PM GMT+5:30","21","MALE"," ","Vacation","Family","Private Apartments","3000-4000","Swimming pool;Lobby and Bar;Restrauant;Room service and Wifi","3","Private Vehicle - Four Wheeler","One","Monsoon","4","Town Hall;Lavasa Lake","Bird Watching","4","Veg","Others","4","4","4","","YES"
"2023/10/12 6:25:05 PM GMT+5:30","21","FEMALE","Meerut","Student","Group","Picnic House","5000 above","Swimming pool;Gym;Lobby and Bar;Restrauant;Room service and Wifi;Spa;Game room","3","Bus","One","Autumn","4","Christ (Deemed to be University) , Pune Lavasa Campus;Temghar Dam;Town Hall;Mulshi Lake","Water sport;Trekking;Bird Watching","5","Veg","Others","4","4","5","","YES"
"2023/10/12 6:25:42 PM GMT+5:30","20","MALE","Sojat city ","Vacation","Solo","Ekaant","3000-4000","Restrauant","4","Private Vehicle - Four Wheeler","Two","Winter","3","Christ (Deemed to be University) , Pune Lavasa Campus","Others","5","Non-Veg","Hotel Garava","4","2","4","","YES"
"2023/10/12 7:14:52 PM GMT+5:30","20","FEMALE","Gurgaon","Vacation","Solo","Ekaant","4000-5000","Swimming pool;Gym;Lobby and Bar;Restrauant;Room service and Wifi;Spa;Game room","4","Private Vehicle - Four Wheeler","One","Autumn","3","Christ (Deemed to be University) , Pune Lavasa Campus;Town Hall;Lavasa Lake","Bird Watching;Waterfall Safari","4","Veg","Hotel Garava;Hotel Shree Pure Veg;Hotel Sai;College Canteens","3","4","3","",""
"2023/10/12 7:26:52 PM GMT+5:30","21","FEMALE","Noida ","Vacation","Family","Picnic House","3000-4000","Swimming pool;Gym;Lobby and Bar;Restrauant;Room service and Wifi","4","Private Vehicle - Four Wheeler","One","Monsoon","4","Christ (Deemed to be University) , Pune Lavasa Campus;Lingya Waterfalls;Temghar Dam","Trackless Train;Water sport","4","Veg","American Dinners;Popsicles Cafe","4","4","4","","YES"
"2023/10/12 8:25:16 PM GMT+5:30","23","MALE","Ranchi ","Student","Solo","Celebrations","3000-4000","Room service and Wifi","5","Cab","Two","Monsoon","4","Christ (Deemed to be University) , Pune Lavasa Campus;Lavasa Lake","Trekking;Bird Watching","5","Non-Veg","Hotel Ashrirwad;Hotel Yuvraj;Hotel Shree Pure Veg;Popsicles Cafe;Hotel Sai;College Canteens","3","3","3","Yes","YES"
"2023/10/12 8:58:58 PM GMT+5:30","20","FEMALE","Meerut","Vacation;Others","Group","Picnic House","3000-4000","Lobby and Bar;Restrauant;Room service and Wifi","4","Cab","One","Winter","4","Christ (Deemed to be University) , Pune Lavasa Campus;Town Hall;Lavasa Lake","Trekking;Waterfall Safari;Others","5","Veg","Others","3","3","4","","YES"
"2023/10/12 9:41:03 PM GMT+5:30","32","FEMALE","Kolkata","Others","Couple","Private Apartments","2000-3000","Restrauant","3","Private Vehicle - Four Wheeler","One","Summer","4","Christ (Deemed to be University) , Pune Lavasa Campus","Others","1","Veg","College Canteens","3","2","3","Need to improve conveyance","YES"
"2023/10/12 9:51:26 PM GMT+5:30","42","MALE","Kolkata","Vacation","Couple","Ekaant","5000 above","Lobby and Bar;Restrauant;Room service and Wifi;Game room","5","Private Vehicle - Four Wheeler","More than two","Autumn","4","Christ (Deemed to be University) , Pune Lavasa Campus;Temghar Dam;Town Hall;Lavasa Lake","Others","4","Veg","Hotel Shree Pure Veg;College Canteens","4","4","4","","YES"
"2023/10/12 10:07:08 PM GMT+5:30","20","FEMALE","Gwalior","Student","Solo","Private Apartments","5000 above","Lobby and Bar","4","Private Vehicle - Four Wheeler","More than two","Summer","4","Christ (Deemed to be University) , Pune Lavasa Campus;Lingya Waterfalls","Trekking;Others","4","Non-Veg","Hotel Ashrirwad;Hotel Garava;Hotel Yuvraj;Hotel Shree Pure Veg;American Dinners;Popsicles Cafe;Hotel Sai;College Canteens;Spyce Lounge & Bar;Others","5","5","4","Stay, food","YES"
"2023/10/12 10:09:05 PM GMT+5:30","21","FEMALE","Hyderabad ","Student","Solo","Picnic House","5000 above","Restrauant;Room service and Wifi","2","Private Vehicle - Four Wheeler","One","Monsoon","5","Christ (Deemed to be University) , Pune Lavasa Campus","Others","4","Non-Veg","Hotel Garava;Hotel Yuvraj","3","3","3","","YES"
"2023/10/12 10:11:06 PM GMT+5:30","60","MALE","Lucknow","Vacation","Solo","Private Apartments","2000-3000","Restrauant","3","Private Vehicle - Four Wheeler","One","Autumn","2","Lingya Waterfalls","Water sport","4","Veg","Hotel Ashrirwad","3","3","3","","YES"
"2023/10/13 4:33:37 AM GMT+5:30","16","MALE","Lucknow ","Student","Solo","Private Apartments","2000-3000","Restrauant","3","Cab","Two","Monsoon","4","Christ (Deemed to be University) , Pune Lavasa Campus;Town Hall;Lavasa Lake","Trekking","2","Veg","Hotel Ashrirwad;Hotel Garava;Hotel Yuvraj;Hotel Shree Pure Veg;College Canteens","2","3","3","Water and electricity supply,street lights","YES"
"2023/10/13 7:18:39 AM GMT+5:30","10","FEMALE","Dubai","Vacation;Teacher","Group","Picnic House","4000-5000","Swimming pool","5","Private Vehicle - Four Wheeler","Two","Winter","4","Lavasa Lake;Mulshi Lake","Water sport;Waterfall Safari","3","Non-Veg","Spyce Lounge & Bar","4","4","5","Sleeping ","YES"
"2023/10/13 10:33:52 AM GMT+5:30","24","FEMALE","Kottayam","Student","Couple","Antariksh","5000 above","Swimming pool;Gym;Lobby and Bar;Restrauant;Room service and Wifi;Spa;Game room","5","Private Vehicle - Four Wheeler","More than two","Winter","4","Christ (Deemed to be University) , Pune Lavasa Campus;Lingya Waterfalls","Trackless Train;Water sport","4","Non-Veg","Hotel Yuvraj;American Dinners;Popsicles Cafe","4","4","4","","YES"
"2023/10/13 10:35:05 AM GMT+5:30","23","FEMALE","Mangalore ","Student","Family","Ekaant","5000 above","Swimming pool;Gym;Lobby and Bar;Restrauant;Room service and Wifi;Game room","4","Private Vehicle - Four Wheeler","More than two","Monsoon","3","Christ (Deemed to be University) , Pune Lavasa Campus;Town Hall;Lavasa Lake","Others","1","Non-Veg","Hotel Ashrirwad;Hotel Garava;Hotel Yuvraj;Popsicles Cafe;College Canteens","3","2","4","","YES"
"2023/10/13 10:35:15 AM GMT+5:30","20","MALE","Trivandrum ","Teacher","Solo","Antariksh","3000-4000","Lobby and Bar","1","Cab","Two","Monsoon","3","Lingya Waterfalls;Lavasa Lake","Trekking","3","Non-Veg","Hotel Yuvraj","3","3","4","","YES"
"2023/10/13 10:36:30 AM GMT+5:30","24","FEMALE","Assam","Teacher","Solo","Private Apartments","2000-3000","Room service and Wifi","3","Cab","More than two","Autumn","4","Christ (Deemed to be University) , Pune Lavasa Campus;Lingya Waterfalls;Temghar Dam;Town Hall;Lavasa Lake","Trekking;Others","4","Veg","Hotel Ashrirwad;Hotel Garava;Popsicles Cafe;College Canteens;Spyce Lounge & Bar;Others","3","2","4","Traveling charges, hospital in case of emergencies","YES"
"2023/10/13 11:49:50 AM GMT+5:30","25","MALE","Ahmedabad","Vacation","Couple","Private Apartments","5000 above","Swimming pool;Lobby and Bar;Restrauant;Game room","5","Private Vehicle - Two Wheeler","One","Winter","1","Christ (Deemed to be University) , Pune Lavasa Campus;Lingya Waterfalls;Temghar Dam;Town Hall;Dasve Viewpoint;Lavasa Lake;Mulshi Lake","Trackless Train;Water sport;Trekking;Bird Watching;Waterfall Safari;Others","5","Veg","Hotel Ashrirwad;Hotel Garava;Hotel Yuvraj;Hotel Shree Pure Veg;American Dinners;Popsicles Cafe;Hotel Sai;College Canteens;Spyce Lounge & Bar;Others","5","5","5","","YES"
"2023/10/13 12:21:21 PM GMT+5:30","23122004","FEMALE","Kerala","Student","Family","Picnic House","2000-3000","Room service and Wifi","3","Private Vehicle - Four Wheeler","One","Monsoon","3","Christ (Deemed to be University) , Pune Lavasa Campus","Others","3","Non-Veg","College Canteens","3","3","3","","YES"
"2023/10/13 8:14:47 PM GMT+5:30","20","MALE","Lucknow ","Student","Family","Private Apartments","3000-4000","Restrauant","2","Cab","One","Monsoon","3","Christ (Deemed to be University) , Pune Lavasa Campus;Lavasa Lake","Trekking","5","Non-Veg","Hotel Garava;Hotel Yuvraj;Hotel Shree Pure Veg;Popsicles Cafe;College Canteens","4","2","4","","YES"
"2023/10/13 8:18:04 PM GMT+5:30","19","MALE","Lucknow ","Student","Family","Private Apartments","3000-4000","Restrauant","2","Cab","One","Monsoon","4","Christ (Deemed to be University) , Pune Lavasa Campus;Lavasa Lake","Trackless Train;Trekking","5","Non-Veg","Hotel Garava;Hotel Yuvraj;Hotel Shree Pure Veg;Popsicles Cafe;College Canteens","4","2","4","","YES"
"2023/10/14 5:03:17 PM GMT+5:30","30","FEMALE","Pune","Others","Family","Picnic House","5000 above","Spa","1","Private Vehicle - Two Wheeler","One","Summer","1","Lavasa Lake","Others","2","Veg","Others","3","3","1","","NO"
"2023/10/14 5:35:32 PM GMT+5:30","18","FEMALE","Patna ","Student","Solo","Celebrations","2000-3000","Room service and Wifi","2","Cab","More than two","Autumn","4","Christ (Deemed to be University) , Pune Lavasa Campus;Lingya Waterfalls;Town Hall;Lavasa Lake","Trekking;Bird Watching","3","Non-Veg","Hotel Ashrirwad;Hotel Garava;Hotel Yuvraj;Hotel Shree Pure Veg;American Dinners;Popsicles Cafe;Hotel Sai;College Canteens","4","3","4","No","YES"
"2023/10/14 7:05:12 PM GMT+5:30","19","MALE","KANPUR ","Student","Family","Private Apartments","2000-3000","Restrauant;Room service and Wifi","5","Cab","More than two","Summer","1","Christ (Deemed to be University) , Pune Lavasa Campus;Lingya Waterfalls;Town Hall;Dasve Viewpoint;Lavasa Lake","Others","5","Non-Veg","Hotel Ashrirwad;Hotel Garava;Hotel Yuvraj;Hotel Shree Pure Veg;American Dinners;College Canteens","3","5","5","Wifi and network ","YES"
"2023/10/14 7:06:16 PM GMT+5:30","18","MALE","Pune","Student","Group","Private Apartments","2000-3000","Swimming pool","1","Private Vehicle - Four Wheeler","One","Monsoon","2","Christ (Deemed to be University) , Pune Lavasa Campus;Temghar Dam;Town Hall;Dasve Viewpoint;Lavasa Lake;Mulshi Lake","Water sport;Trekking;Bird Watching;Waterfall Safari;Others","2","Non-Veg","Hotel Ashrirwad;Hotel Garava;Hotel Yuvraj;Hotel Shree Pure Veg;American Dinners;Popsicles Cafe;Hotel Sai;College Canteens;Spyce Lounge & Bar","3","3","3","More connectivity and better facilities ","YES"
"2023/10/14 7:07:25 PM GMT+5:30","22","MALE","Kolkata","Student","Solo","Private Apartments","5000 above","Restrauant","5","Bus","More than two","Monsoon","5","Christ (Deemed to be University) , Pune Lavasa Campus;Lingya Waterfalls","Trekking","5","Non-Veg","Hotel Ashrirwad;Hotel Garava;Hotel Yuvraj;Hotel Sai","5","2","2","","NO"
"2023/10/14 8:58:57 PM GMT+5:30","31","MALE","Kolkata","Vacation","Group","Private Apartments","5000 above","Room service and Wifi;Game room","5","Bus","One","Autumn","1","Town Hall;Dasve Viewpoint;Lavasa Lake","Others","2","Veg","American Dinners","3","5","4","","YES"
"2023/10/14 9:25:32 PM GMT+5:30","19","MALE","Jaipur","Student","Family","Private Apartments","2000-3000","Restrauant","4","Private Vehicle - Four Wheeler","One","Summer","3","Christ (Deemed to be University) , Pune Lavasa Campus;Lingya Waterfalls;Town Hall;Dasve Viewpoint;Lavasa Lake;Mulshi Lake","Trackless Train;Water sport;Trekking;Waterfall Safari","4","Veg","Hotel Ashrirwad;Hotel Garava;Hotel Yuvraj;Hotel Shree Pure Veg;American Dinners;Popsicles Cafe;Hotel Sai;College Canteens","2","2","5","","YES"
"2023/10/14 9:28:43 PM GMT+5:30","19","FEMALE","Dehradun ","Student","Solo","Celebrations","5000 above","Lobby and Bar","2","Bus","More than two","Autumn","3","Christ (Deemed to be University) , Pune Lavasa Campus;Dasve Viewpoint","Bird Watching","1","Non-Veg","Hotel Ashrirwad;Hotel Garava;Hotel Yuvraj;Hotel Shree Pure Veg;American Dinners;Popsicles Cafe;Hotel Sai;College Canteens","5","1","1","","NO"
"2023/10/14 9:32:57 PM GMT+5:30","15","FEMALE","Pune","Vacation","Family","Private Apartments","4000-5000","Room service and Wifi","1","Private Vehicle - Four Wheeler","One","Winter","2","Temghar Dam;Lavasa Lake","Water sport","1","Non-Veg","American Dinners;Others","5","3","3",".","NO"
"2023/10/14 9:47:08 PM GMT+5:30","16","MALE","Pune","Vacation","Family","Private Apartments","5000 above","Restrauant;Room service and Wifi","4","Private Vehicle - Four Wheeler","More than two","Winter","4","Temghar Dam;Dasve Viewpoint;Lavasa Lake","Water sport;Waterfall Safari","5","Non-Veg","American Dinners;Popsicles Cafe","4","4","4","",""
"2023/10/15 8:21:16 PM GMT+5:30","19","MALE","Hyd","Student","Solo","Ekaant","3000-4000","Lobby and Bar;Room service and Wifi","3","Private Vehicle - Four Wheeler","One","Autumn","2","Christ (Deemed to be University) , Pune Lavasa Campus","Trekking","3","Non-Veg","Hotel Garava","3","3","3","No","YES"
"2023/10/15 8:21:30 PM GMT+5:30","21","FEMALE","Kolkata","Student","Solo","Private Apartments","4000-5000","Restrauant;Room service and Wifi","1","Private Vehicle - Four Wheeler","More than two","Monsoon","5","Christ (Deemed to be University) , Pune Lavasa Campus;Temghar Dam;Town Hall;Dasve Viewpoint;Lavasa Lake;Mulshi Lake","Water sport","2","Non-Veg","Hotel Ashrirwad;Hotel Garava;Hotel Yuvraj;Hotel Shree Pure Veg;American Dinners;Popsicles Cafe;Hotel Sai;College Canteens;Spyce Lounge & Bar;Others","4","2","2","","NO"
"2023/10/15 8:21:34 PM GMT+5:30","21","MALE","Durgapur","Student","Group","Private Apartments","5000 above","Room service and Wifi","4","Cab","More than two","Winter","3","Christ (Deemed to be University) , Pune Lavasa Campus;Lingya Waterfalls;Temghar Dam;Town Hall;Dasve Viewpoint;Lavasa Lake;Mulshi Lake","Trackless Train;Water sport;Trekking;Bird Watching;Waterfall Safari;Others","4","Non-Veg","Hotel Ashrirwad;Hotel Garava;Hotel Yuvraj;Hotel Shree Pure Veg;American Dinners;Popsicles Cafe;Hotel Sai;College Canteens;Spyce Lounge & Bar;Others","3","3","4","Street lights ","YES"
"2023/10/16 12:09:33 PM GMT+5:30","21","FEMALE","Gurgaon ","Vacation","Solo","Picnic House","3000-4000","Swimming pool;Gym;Lobby and Bar;Restrauant;Room service and Wifi;Spa;Game room","4","Private Vehicle - Two Wheeler","Two","Autumn","2","Christ (Deemed to be University) , Pune Lavasa Campus;Lingya Waterfalls;Temghar Dam;Town Hall;Dasve Viewpoint;Lavasa Lake;Mulshi Lake","Trackless Train;Water sport;Trekking;Bird Watching;Waterfall Safari;Others","4","Non-Veg","Hotel Ashrirwad;Hotel Garava;Hotel Yuvraj;Hotel Shree Pure Veg;American Dinners;Popsicles Cafe;Hotel Sai;College Canteens;Spyce Lounge & Bar;Others","3","3","4","None ","YES"
"2023/10/16 12:12:42 PM GMT+5:30","21","MALE","Sikar","Student","Solo","Private Apartments","3000-4000","Swimming pool;Gym;Room service and Wifi;Spa","4","Bus","One","Monsoon","2","Christ (Deemed to be University) , Pune Lavasa Campus;Lingya Waterfalls;Temghar Dam;Lavasa Lake","Trackless Train;Trekking;Others","4","Veg","Hotel Yuvraj;Hotel Shree Pure Veg;American Dinners;Popsicles Cafe;College Canteens","3","4","4","All good","YES"
"2023/10/16 4:57:08 PM GMT+5:30","21","FEMALE","New Delhi","Vacation","Group","Private Apartments","4000-5000","Gym;Lobby and Bar;Restrauant;Room service and Wifi","5","Private Vehicle - Four Wheeler","One","Summer","4","Dasve Viewpoint","Water sport","4","Veg","Hotel Shree Pure Veg;American Dinners;Others","2","3","3","",""
"2023/10/16 5:41:58 PM GMT+5:30","Dev Madhusudan ","MALE","Faridabad","Vacation","Group","Private Apartments","3000-4000","Swimming pool;Restrauant;Room service and Wifi","4","Bus","Two","Summer","4","Lingya Waterfalls;Temghar Dam;Lavasa Lake","Water sport;Trekking;Waterfall Safari","4","Veg","Hotel Ashrirwad;Hotel Yuvraj;Popsicles Cafe;Spyce Lounge & Bar","3","4","4","","YES"
"2023/10/16 10:13:30 PM GMT+5:30","21","MALE","Kolkata","Business","Solo","Picnic House","2000-3000","Swimming pool;Gym;Lobby and Bar;Restrauant;Room service and Wifi;Spa;Game room","5","Private Vehicle - Four Wheeler","More than two","Monsoon","1","Christ (Deemed to be University) , Pune Lavasa Campus;Lingya Waterfalls;Temghar Dam;Town Hall;Dasve Viewpoint;Lavasa Lake;Mulshi Lake","Trackless Train;Water sport;Trekking;Bird Watching;Waterfall Safari;Others","5","Non-Veg","Spyce Lounge & Bar","3","5","5","Must establish a strong online presence to promote local attractions with engaging content .","YES"